5.04,0.018597707,0.021771623,-0.054568851
5.05,0.018653424,0.021791127,-0.054581136
5.06,0.018654423,0.021848479,-0.054596692
5.07,0.018579215,0.021850256,-0.054598497
5.08,0.018593783,0.021822274,-0.054589961
5.09,0.018680014,0.021818183,-0.054602323
5.1,0.018605221,0.021909196,-0.05462468
5.11,0.018531607,0.021832872,-0.054644904
5.12,0.018576927,0.021740224,-0.054643664
5.13,0.018727751,0.021779567,-0.054644363
5.14,0.018706419,0.021852348,-0.054637817
5.15,0.018566806,0.021829106,-0.054609601
5.16,0.018526673,0.02176702,-0.054585211
5.17,0.018657925,0.021769669,-0.054576246
5.18,0.018697968,0.02180778,-0.054567617
5.19,0.018617511,0.021806773,-0.054544639
5.2,0.01856754,0.021775369,-0.054519056
5.21,0.018594446,0.021759951,-0.054497017
5.22,0.018668301,0.021821905,-0.05449464
5.23,0.018606799,0.021837076,-0.054489576
5.24,0.018605139,0.021824898,-0.054501775
5.25,0.018658109,0.021877149,-0.05452607
5.26,0.018651703,0.0218706,-0.054547876
5.27,0.018615693,0.021834807,-0.054581166
5.28,0.018585101,0.021820813,-0.054617561
5.29,0.018613655,0.021866657,-0.054636244
5.3,0.018684886,0.021884389,-0.054662937
5.31,0.018671427,0.021880815,-0.054684789
5.32,0.018578902,0.02185476,-0.054708234
5.33,0.018566469,0.021838309,-0.054723617
5.34,0.018645549,0.021839527,-0.054732995
5.35,0.018654274,0.021844102,-0.054752896
5.36,0.018615298,0.021851189,-0.054769253
5.37,0.018626301,0.021833111,-0.054754969
5.38,0.018628338,0.021844404,-0.054738511
5.39,0.018656658,0.021845764,-0.054739425
5.4,0.018611334,0.021825995,-0.054735784
5.41,0.018602306,0.021859087,-0.054732025
5.42,0.01865422,0.02188524,-0.054727855
5.43,0.0186405,0.021887895,-0.054741302
5.44,0.018616073,0.021861456,-0.054750812
5.45,0.018592276,0.021808201,-0.054755338
5.46,0.018637044,0.021824995,-0.054756068
5.47,0.018623313,0.021863997,-0.054769632
5.48,0.018610876,0.021832606,-0.054777918
5.49,0.018624131,0.021791799,-0.05478849
5.5,0.018643042,0.02180949,-0.054789874
5.51,0.018650554,0.021865278,-0.054801527
5.52,0.018641315,0.021890868,-0.05480892
5.53,0.018628297,0.021882771,-0.054817002
5.54,0.018633304,0.021856844,-0.054817007
5.55,0.018596252,0.021846993,-0.054804493
5.56,0.018608442,0.021845052,-0.054784071
5.57,0.018665949,0.021866554,-0.054762405
5.58,0.018672997,0.021872014,-0.05475346
5.59,0.018624868,0.021826824,-0.054733445
5.6,0.01861625,0.02178321,-0.054728423
5.61,0.018671852,0.021841381,-0.054701195
5.62,0.018666212,0.021833595,-0.054678317
5.63,0.018600114,0.021778939,-0.054629392
5.64,0.018627882,0.021730471,-0.054576965
5.65,0.018660916,0.021803774,-0.054546982
5.66,0.018659052,0.021872327,-0.054546551
5.67,0.018544644,0.021851985,-0.054549442
5.68,0.018652881,0.021792637,-0.054542147
5.69,0.018706374,0.021801222,-0.054542336
5.7,0.018657034,0.021865599,-0.054528598
5.71,0.018589517,0.021848183,-0.054518935
5.72,0.018575843,0.021778334,-0.054517133
5.73,0.018704655,0.021787498,-0.054531332
5.74,0.018645579,0.021851858,-0.054564778
5.75,0.018566893,0.021822818,-0.054585642
5.76,0.018621551,0.021773884,-0.054579541
5.77,0.018648971,0.021774091,-0.054573484
5.78,0.018641304,0.021827592,-0.054563864
5.79,0.018599628,0.021844126,-0.054532816
5.8,0.018595779,0.021813212,-0.05452592
5.81,0.018647525,0.021777008,-0.054541391
5.82,0.018639125,0.021802649,-0.054547908
5.83,0.018599819,0.021834062,-0.054553456
5.84,0.018599331,0.021873374,-0.054552857
5.85,0.018686458,0.021863634,-0.054578162
5.86,0.018606924,0.021889932,-0.054607371
5.87,0.018615099,0.021887554,-0.054630921
5.88,0.018569207,0.021833239,-0.054657402
5.89,0.018665735,0.021801179,-0.054718599
5.9,0.018703232,0.021841533,-0.05475759
5.91,0.018638179,0.021899421,-0.054774748
5.92,0.018601032,0.021887824,-0.054787624
5.93,0.018593099,0.02180082,-0.054803089
5.94,0.018647682,0.021787219,-0.054811866
5.95,0.018649077,0.021832855,-0.054792977
5.96,0.018636767,0.021892918,-0.054764917
5.97,0.018607527,0.021780103,-0.05474049
5.98,0.018642196,0.021816056,-0.054704935
5.99,0.018625902,0.021890353,-0.054663436
6,0.018579654,0.021866178,-0.054630805
6.01,0.018616578,0.02176678,-0.054611744
6.02,0.018670142,0.021736678,-0.054599933
6.03,0.018620567,0.021810416,-0.054580551
6.04,0.01863418,0.021896079,-0.054570492
6.05,0.018592607,0.021850573,-0.054570978
6.06,0.018656464,0.021784343,-0.054581958
6.07,0.018699918,0.021792106,-0.054584869
6.08,0.018661553,0.021864723,-0.054596931
6.09,0.018580314,0.021881273,-0.054602843
6.1,0.018649196,0.02177025,-0.054611896
6.11,0.018698027,0.021802174,-0.054613133
6.12,0.018662101,0.021838594,-0.0546028
6.13,0.018585103,0.021825576,-0.05461078
6.14,0.018610921,0.021790218,-0.054620972
6.15,0.018634075,0.021747092,-0.054614411
6.16,0.018681441,0.021771166,-0.054597024
6.17,0.018620797,0.021823075,-0.054578671
6.18,0.018625882,0.02186016,-0.054572905
6.19,0.018627763,0.02182335,-0.054575022
6.2,0.018657293,0.021811815,-0.054572987
6.21,0.018614698,0.021774761,-0.054575906
6.22,0.01854692,0.021808786,-0.054565235
6.23,0.018663287,0.021845713,-0.054562608
6.24,0.01865242,0.021873727,-0.054573896
6.25,0.018592931,0.02185984,-0.054578436
6.26,0.018576516,0.02182913,-0.054608936
6.27,0.018646069,0.021839462,-0.054652511
6.28,0.018717609,0.02190428,-0.054683991
6.29,0.018655624,0.021909753,-0.054704918
6.3,0.018580422,0.021839382,-0.054711934
6.31,0.018603025,0.021791654,-0.054719814
6.32,0.018668797,0.021827638,-0.054743108
6.33,0.018674582,0.021866707,-0.054748282
6.34,0.018594313,0.021815296,-0.054725682
6.35,0.018653197,0.021715749,-0.054713713
6.36,0.018680515,0.021779021,-0.054689137
6.37,0.018595001,0.021827184,-0.054654468
6.38,0.018566238,0.021829611,-0.054607522
6.39,0.018659087,0.02177752,-0.054588655
6.4,0.01871494,0.02178926,-0.054593416
6.41,0.018669596,0.021828474,-0.054592512
6.42,0.018527236,0.021885263,-0.054586917
6.43,0.018570988,0.021858249,-0.054589672
6.44,0.018674888,0.021818973,-0.054604912
6.45,0.018692151,0.021807138,-0.054613892
6.46,0.018589407,0.021866001,-0.054626796
6.47,0.018594107,0.021923076,-0.054640144
6.48,0.01864286,0.0217754,-0.054686203
6.49,0.018658087,0.021737305,-0.054685918
6.5,0.018651187,0.021808567,-0.054662123
6.51,0.018641649,0.021869335,-0.054637215
6.52,0.018633099,0.021827698,-0.054621789
6.53,0.018603552,0.021715388,-0.054604255
6.54,0.018625928,0.021701299,-0.054588674
6.55,0.018646505,0.021842103,-0.054569512
6.56,0.018659657,0.022006284,-0.054543215
6.57,0.018581348,0.021981822,-0.054539837
6.58,0.0185872,0.021933295,-0.054520889
6.59,0.018617846,0.021954928,-0.054507024
6.6,0.018604392,0.022009414,-0.054510341
6.61,0.018597437,0.021949833,-0.05452316
6.62,0.01864953,0.021922093,-0.054520149
6.63,0.018635489,0.021926891,-0.054508165
6.64,0.018556161,0.021982197,-0.054445564
6.65,0.018498607,0.022053046,-0.054362184
6.66,0.018618422,0.022101408,-0.054253998
6.67,0.018655697,0.022101471,-0.054143047
6.68,0.018643904,0.022089733,-0.054038975
6.69,0.018544439,0.022076197,-0.053948004
6.7,0.018517425,0.022089427,-0.053850361
6.71,0.018602207,0.022158066,-0.053758354
6.72,0.018651625,0.022155339,-0.053700477
6.73,0.01853193,0.022204749,-0.05369837
6.74,0.018584222,0.02231203,-0.053758171
6.75,0.018615222,0.022349823,-0.0538511
6.76,0.018619079,0.022321297,-0.053980296
6.77,0.018564489,0.022250829,-0.054094912
6.78,0.018612478,0.022239625,-0.054190095
6.79,0.018631455,0.022314396,-0.054273531
6.8,0.018617895,0.022350473,-0.054361032
6.81,0.018520467,0.022288412,-0.054467643
6.82,0.018540015,0.022236213,-0.054559863
6.83,0.018687405,0.022282848,-0.054566146
6.84,0.018667927,0.0223522,-0.054555838
6.85,0.018482085,0.022297084,-0.054574059
6.86,0.018620424,0.022209583,-0.054573566
6.87,0.018641166,0.022284681,-0.054543971
6.88,0.018580049,0.022443658,-0.05449405
6.89,0.018500457,0.022541378,-0.054451047
6.9,0.018582093,0.02252835,-0.054456612
6.91,0.018620402,0.02251072,-0.054448342
6.92,0.018554438,0.022544678,-0.054451258
6.93,0.018538376,0.022611292,-0.054469807
6.94,0.018587839,0.022606149,-0.054475747
6.95,0.018675569,0.022555277,-0.054440689
6.96,0.018608203,0.022528648,-0.054429369
6.97,0.018548517,0.022584297,-0.054435066
6.98,0.018623425,0.02258075,-0.054495929
6.99,0.018622691,0.022552142,-0.054569394
7,0.018529348,0.022561707,-0.054591777
7.01,0.018522745,0.022630094,-0.054588806
7.02,0.018554784,0.022613216,-0.05456718
7.03,0.018587835,0.022547415,-0.054586098
7.04,0.018569941,0.022525672,-0.054654407
7.05,0.018599223,0.022578996,-0.054710485
7.06,0.018605655,0.022652999,-0.054712603
7.07,0.018595956,0.0226177,-0.054728156
7.08,0.018499589,0.022548595,-0.05475929
7.09,0.018542012,0.022554699,-0.054782643
7.1,0.018608043,0.022625063,-0.054775039
7.11,0.018582797,0.022582997,-0.05478982
7.12,0.018550722,0.022577194,-0.054823689
7.13,0.018588519,0.022659982,-0.054788148
7.14,0.018588901,0.022535261,-0.054772037
7.15,0.018636962,0.022450116,-0.054816956
7.16,0.018586505,0.022360483,-0.054963546
7.17,0.018614858,0.022404393,-0.055097961
7.18,0.018583978,0.022456866,-0.055142388
7.19,0.018558772,0.022449706,-0.055161003
7.2,0.01857977,0.022323644,-0.055244672
7.21,0.018621534,0.022283344,-0.05529634
7.22,0.018622523,0.022273866,-0.055299957
7.23,0.018575713,0.022249747,-0.055352274
7.24,0.018567175,0.022241274,-0.055335702
7.25,0.018433316,0.022275301,-0.055211159
7.26,0.018262602,0.022313863,-0.054972026
7.27,0.018247798,0.022377076,-0.054715537
7.28,0.018499121,0.022417497,-0.054528495
7.29,0.019069193,0.022400552,-0.054391527
7.3,0.020131754,0.022427648,-0.054215598
7.31,0.021649389,0.022554217,-0.05404874
7.32,0.023639668,0.022699896,-0.053863095
7.33,0.025961641,0.0227433,-0.053667765
7.34,0.028400149,0.022757316,-0.053528912
7.35,0.033748083,0.022840947,-0.053499418
7.36,0.036489062,0.022920076,-0.053588908
7.37,0.039101649,0.022878852,-0.053755935
7.38,0.041253034,0.022791384,-0.053958198
7.39,0.043076448,0.022675993,-0.054158505
7.4,0.044687055,0.022444094,-0.054463703
7.41,0.04609035,0.022199944,-0.054896439
7.42,0.047303703,0.021973547,-0.055499362
7.43,0.049577143,0.021481521,-0.056434172
7.44,0.050866652,0.021315036,-0.057422114
7.45,0.052337591,0.021297688,-0.058386251
7.46,0.053950757,0.021402426,-0.059321373
7.47,0.055674717,0.021520648,-0.060221745
7.48,0.059488852,0.021586195,-0.061213118
7.49,0.061366517,0.021658106,-0.062193003
7.5,0.063150436,0.021785662,-0.063081845
7.51,0.064962044,0.021928476,-0.063855178
7.52,0.066774569,0.021999694,-0.064492607
7.53,0.070158966,0.021966275,-0.064818243
7.54,0.071722336,0.022003878,-0.065017172
7.55,0.073240735,0.021940334,-0.065164443
7.56,0.074732989,0.021725586,-0.06527327
7.57,0.076354638,0.021539571,-0.065352654
7.58,0.079589717,0.02140552,-0.065203248
7.59,0.08129254,0.021250758,-0.065030643
7.6,0.083202399,0.021001721,-0.064844409
7.61,0.085082002,0.020871485,-0.064679755
7.62,0.08710368,0.020960357,-0.064469723
7.63,0.090672933,0.021051854,-0.0642947
7.64,0.092483662,0.021012194,-0.064169926
7.65,0.09412118,0.021053359,-0.064103667
7.66,0.095654532,0.02114878,-0.064008418
7.67,0.097211085,0.021274058,-0.063916526
7.68,0.100361601,0.021526726,-0.063907382
7.69,0.101812705,0.021521237,-0.063901117
7.7,0.103335895,0.021547165,-0.063936812
7.71,0.105013214,0.021660592,-0.063906713
7.72,0.106641121,0.02163424,-0.063866731
7.73,0.109992184,0.02131859,-0.063745177
7.74,0.111588739,0.021228565,-0.063590412
7.75,0.113288842,0.021123223,-0.063396609
7.76,0.115055382,0.020961467,-0.063185892
7.77,0.116726562,0.020790352,-0.063000756
7.78,0.119980201,0.02064554,-0.062830935
7.79,0.121575043,0.020596543,-0.062687193
7.8,0.123212345,0.020590791,-0.062514992
7.81,0.124983586,0.020729208,-0.0623841
7.82,0.126586065,0.020945482,-0.062304013
7.83,0.129796028,0.021259243,-0.062158613
7.84,0.131508127,0.021448864,-0.062034071
7.85,0.133213788,0.021609139,-0.061906164
7.86,0.135046631,0.021683939,-0.061856625
7.87,0.136788085,0.021620749,-0.061788123
7.88,0.140293077,0.021577086,-0.0617128
7.89,0.141900212,0.021405231,-0.061578661
7.9,0.143577769,0.021170517,-0.061405591
7.91,0.145293012,0.0209486,-0.061257743
7.92,0.146944359,0.020835262,-0.061131361
7.93,0.150147617,0.020678433,-0.061095017
7.94,0.151819512,0.020499788,-0.061050097
7.95,0.153590709,0.02048485,-0.060996618
7.96,0.155319974,0.020606419,-0.060938953
7.97,0.157097086,0.02080355,-0.060830317
7.98,0.160657108,0.020933591,-0.060724955
7.99,0.1624237,0.020962082,-0.060635751
8,0.16404061,0.021056753,-0.060598307
8.01,0.165822148,0.021124538,-0.060538004
8.02,0.16764167,0.021041047,-0.060452488
8.03,0.171116129,0.02068289,-0.060393944
8.04,0.17277506,0.020680582,-0.060352396
8.05,0.174360573,0.020675441,-0.06037445
8.06,0.17598857,0.020610698,-0.060356877
8.07,0.177610666,0.02045414,-0.060404111
8.08,0.180968374,0.020463904,-0.060394731
8.09,0.182575464,0.020412898,-0.060462234
8.1,0.184204042,0.020324305,-0.060558255
8.11,0.185864061,0.020392265,-0.060669726
8.12,0.187559247,0.020486249,-0.060762904
8.13,0.190890715,0.020590335,-0.060812226
8.14,0.192542464,0.020598073,-0.060924509
8.15,0.194193944,0.020684754,-0.06101497
8.16,0.195891857,0.020691754,-0.061124865
8.17,0.19745262,0.020612443,-0.061221617
8.18,0.200697348,0.02066613,-0.061392543
8.19,0.202241331,0.020674095,-0.06150434
8.2,0.203861311,0.020654285,-0.061547565
8.21,0.205475971,0.020600168,-0.061596498
8.22,0.207099453,0.020587502,-0.061742225
8.23,0.210253954,0.020571988,-0.061915208
8.24,0.211822778,0.020500673,-0.062014755
8.25,0.213505626,0.020455601,-0.062172639
8.26,0.215258732,0.02049803,-0.062258595
8.27,0.216853067,0.020526983,-0.06233074
8.28,0.220223248,0.020497065,-0.062383555
8.29,0.221902877,0.020427285,-0.062441032
8.3,0.223605916,0.020405117,-0.062472344
8.31,0.22530067,0.020479849,-0.062465074
8.32,0.226924881,0.020459495,-0.062452274
8.33,0.230260372,0.020278102,-0.062393974
8.34,0.231795877,0.020228047,-0.062291146
8.35,0.233378589,0.020228144,-0.062040327
8.36,0.235055208,0.020172637,-0.061859165
8.37,0.236838251,0.020043006,-0.061745294
8.38,0.240306556,0.019951304,-0.061666767
8.39,0.241967723,0.01989243,-0.061615383
8.4,0.243841097,0.019788275,-0.061547662
8.41,0.24563165,0.019723255,-0.061511946
8.42,0.247343525,0.019729696,-0.061446849
8.43,0.2506181,0.019796459,-0.061471536
8.44,0.252269387,0.019765759,-0.061524584
8.45,0.253885537,0.01977942,-0.061619142
8.46,0.255461723,0.01986688,-0.061716808
8.47,0.256955028,0.019921336,-0.061768344
8.48,0.260143369,0.01979275,-0.061828924
8.49,0.261766016,0.019861396,-0.061831584
8.5,0.263418168,0.019972641,-0.061863928
8.51,0.265007406,0.019945672,-0.061901903
8.52,0.266804129,0.019880978,-0.061857345
8.53,0.270470917,0.019938048,-0.061859806
8.54,0.272231936,0.019840557,-0.061861352
8.55,0.274093568,0.019724214,-0.061854678
8.56,0.275884956,0.019694181,-0.061751057
8.57,0.277621776,0.019684382,-0.06163561
8.58,0.280756265,0.019492239,-0.061524247
8.59,0.2823475,0.019411352,-0.061436727
8.6,0.283908755,0.019392002,-0.061356798
8.61,0.285370082,0.019309374,-0.061251287
8.62,0.286828041,0.019228576,-0.061244263
8.63,0.289894879,0.019167755,-0.061195327
8.64,0.291603476,0.019265257,-0.061170143
8.65,0.293094218,0.019390356,-0.0612364
8.66,0.294767261,0.019561039,-0.061350854
8.67,0.296614319,0.019659042,-0.061413947
8.68,0.300034523,0.019816499,-0.06142129
8.69,0.301722646,0.019919865,-0.06149815
8.7,0.303389758,0.019918133,-0.061591852
8.71,0.305163026,0.019822797,-0.061653671
8.72,0.306793272,0.019701289,-0.061674555
8.73,0.309933662,0.019402709,-0.061656782
8.74,0.311574847,0.019263862,-0.061600369
8.75,0.313265681,0.019137643,-0.061451523
8.76,0.315041155,0.018989228,-0.061376786
8.77,0.316673815,0.01886268,-0.061442599
8.78,0.320278734,0.018806402,-0.061494416
8.79,0.321994841,0.018814934,-0.061482181
8.8,0.323767841,0.018846387,-0.061472104
8.81,0.325487554,0.018933984,-0.061523265
8.82,0.327167451,0.019021759,-0.061554259
8.83,0.330594361,0.019183882,-0.061583324
8.84,0.332275152,0.019297501,-0.061684292
8.85,0.333951384,0.019293748,-0.061821033
8.86,0.335509002,0.019251702,-0.061860717
8.87,0.337089807,0.019287035,-0.061850174
8.88,0.340232104,0.019125778,-0.061887926
8.89,0.34185192,0.018935755,-0.061886612
8.9,0.343624681,0.018842829,-0.061875945
8.91,0.345357448,0.018793844,-0.061852166
8.92,0.346998513,0.018670997,-0.061836778
8.93,0.350417703,0.018366573,-0.061767628
8.94,0.352391094,0.018404927,-0.061705149
8.95,0.35406813,0.018532066,-0.061628531
8.96,0.355632454,0.018626887,-0.061590262
8.97,0.357245266,0.018605376,-0.061451835
8.98,0.360528111,0.018793138,-0.061352435
8.99,0.36198777,0.018951699,-0.061294253
9,0.36337322,0.018964944,-0.061217723
9.01,0.364822775,0.018852262,-0.061096665
9.02,0.366499364,0.018730914,-0.060950177
9.03,0.369418859,0.018512385,-0.060860232
9.04,0.371066451,0.018344682,-0.060731124
9.05,0.372727513,0.018182265,-0.060583482
9.06,0.374451548,0.018111201,-0.060524634
9.07,0.376163006,0.01802385,-0.060528451
9.08,0.379793555,0.017940013,-0.060416806
9.09,0.381849378,0.018090758,-0.060326034
9.1,0.383689642,0.018145559,-0.060240515
9.11,0.385443658,0.018134184,-0.060158236
9.12,0.387072861,0.018126626,-0.060069211
9.13,0.390393227,0.018187348,-0.059997649
9.14,0.391881287,0.018038619,-0.059888816
9.15,0.393387794,0.017838184,-0.059857856
9.16,0.394916117,0.017716561,-0.059825187
9.17,0.396562219,0.017650928,-0.059785501
9.18,0.39978528,0.017461458,-0.05976944
9.19,0.401420742,0.017412873,-0.059736183
9.2,0.403151572,0.017465858,-0.059778709
9.21,0.405032754,0.017572692,-0.059823363
9.22,0.406682044,0.017659005,-0.059876511
9.23,0.410064548,0.017620329,-0.059853453
9.24,0.41185239,0.017668307,-0.05992316
9.25,0.413529813,0.017712245,-0.059991171
9.26,0.415137827,0.017654385,-0.05996549
9.27,0.416685909,0.01750312,-0.059981687
9.28,0.419974148,0.017380705,-0.059986875
9.29,0.42156902,0.017347895,-0.059993413
9.3,0.423186094,0.017309602,-0.060026585
9.31,0.424762696,0.017217815,-0.060095248
9.32,0.42646873,0.017104307,-0.060188595
9.33,0.429787159,0.017137412,-0.060318425
9.34,0.431382924,0.0171954,-0.060426963
9.35,0.43290028,0.017148577,-0.060513283
9.36,0.434698015,0.017083764,-0.06063428
9.37,0.436290622,0.017092628,-0.060723196
9.38,0.439206094,0.017117012,-0.060860423
9.39,0.440856904,0.017101577,-0.061001885
9.4,0.442511797,0.01715526,-0.061105306
9.41,0.443984121,0.017199386,-0.061189121
9.42,0.445340186,0.017122369,-0.061323702
9.43,0.448530853,0.017061222,-0.06149381
9.44,0.450314969,0.017070627,-0.061650367
9.45,0.451959968,0.017079908,-0.061760533
9.46,0.45348224,0.01700948,-0.06182762
9.47,0.455205411,0.017021943,-0.061903261
9.48,0.458857745,0.016994905,-0.0618915
9.49,0.460418582,0.01689226,-0.061874365
9.5,0.462086171,0.01681627,-0.061857514
9.51,0.463875473,0.016801391,-0.061842784
9.52,0.465589106,0.016736265,-0.061750891
9.53,0.468837053,0.01662421,-0.061650349
9.54,0.470468491,0.016646754,-0.061548516
9.55,0.472051054,0.016657509,-0.06149903
9.56,0.47351864,0.016674422,-0.061460344
9.57,0.475009292,0.016637783,-0.061400686
9.58,0.478135347,0.01662429,-0.061457089
9.59,0.479800373,0.016645409,-0.061542371
9.6,0.481423795,0.016682092,-0.06153861
9.61,0.483041614,0.016738461,-0.06153302
9.62,0.484694332,0.016738428,-0.061614972
9.63,0.488449305,0.016771987,-0.061673781
9.64,0.490180045,0.016912313,-0.061698004
9.65,0.49188149,0.016933555,-0.06167299
9.66,0.493637025,0.01681703,-0.06165302
9.67,0.495485574,0.01669546,-0.061624703
9.68,0.498642027,0.01665502,-0.061553602
9.69,0.500234544,0.016560601,-0.061462531
9.7,0.501921952,0.01643654,-0.061413033
9.71,0.503614902,0.016371582,-0.061363819
9.72,0.505171061,0.016346885,-0.0612862
9.73,0.508354723,0.016400246,-0.061293488
9.74,0.510047376,0.016533807,-0.061248403
9.75,0.511662602,0.016598767,-0.061238724
9.76,0.513196409,0.016596733,-0.061288571
9.77,0.514764071,0.016569056,-0.061386924
9.78,0.518052042,0.016803391,-0.061503064
9.79,0.519566655,0.01692557,-0.061610374
9.8,0.521051466,0.016905589,-0.061722707
9.81,0.52258575,0.016967637,-0.061881441
9.82,0.524208724,0.017107174,-0.062042627
9.83,0.527424634,0.017200828,-0.062039154
9.84,0.528989673,0.017080793,-0.062088799
9.85,0.530699432,0.017012648,-0.062099989
9.86,0.532357872,0.016998164,-0.062055356
9.87,0.534067988,0.01701818,-0.061980739
9.88,0.537402868,0.016771326,-0.061882936
9.89,0.539154172,0.016661167,-0.06175908
9.9,0.540859818,0.016668217,-0.061630603
9.91,0.542471111,0.016651275,-0.061439259
9.92,0.544072986,0.016649462,-0.061258186
9.93,0.547189236,0.016730268,-0.061198813
9.94,0.548816741,0.01684827,-0.061136378
9.95,0.550174057,0.016962619,-0.061105041
9.96,0.551646948,0.017041178,-0.061097036
9.97,0.553188562,0.016998418,-0.061132689
9.98,0.556450367,0.017182287,-0.061187496
9.99,0.558065116,0.017208211,-0.061231952
10,0.559654415,0.01712662,-0.061188683
10.01,0.561470985,0.016925622,-0.061145069
10.02,0.563390076,0.016832339,-0.061134429
10.03,0.567052484,0.016659109,-0.061085922
10.04,0.568773627,0.016419323,-0.061078494
10.05,0.570661068,0.016224042,-0.061063897
10.06,0.572458982,0.016085004,-0.06102178
10.07,0.57415992,0.016126139,-0.060901676
10.08,0.577335656,0.016164115,-0.060807982
10.09,0.578942239,0.016173834,-0.060751139
10.1,0.580409765,0.016283263,-0.060793783
10.11,0.581883669,0.016471077,-0.060847544
10.12,0.583287716,0.016590457,-0.060825651
10.13,0.586672544,0.016755512,-0.060872929
10.14,0.588218808,0.016805621,-0.060843577
10.15,0.58974427,0.016808392,-0.060802502
10.16,0.591463745,0.016741617,-0.06079023
10.17,0.593275428,0.016688412,-0.060848735
10.18,0.596676111,0.016407903,-0.06089248
10.19,0.598207772,0.016278701,-0.06087135
10.2,0.599879861,0.016187627,-0.060829447
10.21,0.60150671,0.016154999,-0.060805905
10.22,0.603081107,0.016110027,-0.060755967
10.23,0.60623312,0.016003078,-0.06061491
10.24,0.607921183,0.016082507,-0.060496056
10.25,0.60951215,0.016239006,-0.060368554
10.26,0.611030221,0.016241249,-0.060173449
10.27,0.612642348,0.016162407,-0.059955094
10.28,0.616047859,0.016146289,-0.059782233
10.29,0.617697835,0.016151747,-0.059629048
10.3,0.619379282,0.016003691,-0.059482781
10.31,0.621062458,0.01590267,-0.059280217
10.32,0.623007894,0.015875196,-0.059151799
10.33,0.626350641,0.015909858,-0.059080444
10.34,0.627940178,0.015852645,-0.059024475
10.35,0.629564047,0.015732447,-0.0590105
10.36,0.631175637,0.015691962,-0.059075669
10.37,0.632793725,0.015720272,-0.059174701
10.38,0.635921061,0.015580286,-0.059263027
10.39,0.637580514,0.015550349,-0.059409329
10.4,0.639193952,0.015617237,-0.059559419
10.41,0.640763879,0.015643328,-0.059717463
10.42,0.642390609,0.015700255,-0.059812113
10.43,0.646132588,0.015676631,-0.059911164
10.44,0.648009777,0.015638772,-0.060048335
10.45,0.649771154,0.015612647,-0.060122648
10.46,0.651466787,0.015589151,-0.06016273
10.47,0.653324485,0.015562442,-0.060182627
10.48,0.656838536,0.015710875,-0.06018543
10.49,0.658258557,0.015601763,-0.060196402
10.5,0.659705698,0.015467075,-0.06019046
10.51,0.661328793,0.015442949,-0.060248829
10.52,0.662890255,0.015589699,-0.060359654
10.53,0.665709317,0.015572131,-0.060449399
10.54,0.667388678,0.015514425,-0.060534768
10.55,0.669151604,0.015540781,-0.060717074
10.56,0.670928061,0.015630839,-0.060902478
10.57,0.672419131,0.015672952,-0.061021064
10.58,0.676073074,0.015581057,-0.061104119
10.59,0.677827358,0.015688693,-0.061142386
10.6,0.679313719,0.015777517,-0.06118977
10.61,0.680865586,0.015671818,-0.061194616
10.62,0.682661355,0.015476181,-0.061174691
10.63,0.685832083,0.015438057,-0.061183254
10.64,0.687189877,0.015385262,-0.061197778
10.65,0.688627422,0.015326819,-0.061194583
10.66,0.69027406,0.015283931,-0.06122694
10.67,0.691892147,0.015341699,-0.061313482
10.68,0.694779038,0.015479995,-0.061340677
10.69,0.69625169,0.015548607,-0.061386003
10.7,0.698007941,0.015551543,-0.061503233
10.71,0.699894607,0.015611714,-0.061639512
10.72,0.70150429,0.015646378,-0.061780191
10.73,0.704945922,0.015508806,-0.061919292
10.74,0.706846058,0.015536018,-0.062091299
10.75,0.708601713,0.015479819,-0.062221556
10.76,0.710147738,0.015373108,-0.062282632
10.77,0.711660862,0.015400278,-0.062270539
10.78,0.71505022,0.015519359,-0.062292548
10.79,0.716631234,0.015390537,-0.062373021
10.8,0.718057036,0.015340411,-0.062319287
10.81,0.719699562,0.015403499,-0.062225832
10.82,0.721544087,0.015418184,-0.06220732
10.83,0.724869967,0.015342439,-0.062117954
10.84,0.726493597,0.0153561,-0.061914388
10.85,0.728400767,0.015428709,-0.061693003
10.86,0.730213881,0.015543364,-0.061575444
10.87,0.732025743,0.015495475,-0.06153256
10.88,0.735412121,0.015383189,-0.061497913
10.89,0.737073064,0.015384796,-0.061394714
10.9,0.738623559,0.015336885,-0.061396723
10.91,0.740093112,0.015276173,-0.061501038
10.92,0.741472125,0.015243358,-0.061563747
10.93,0.744455397,0.015377128,-0.061578322
10.94,0.746045828,0.015499032,-0.061645172
10.95,0.747527659,0.015647884,-0.061703724
10.96,0.749060452,0.015732747,-0.061634065
10.97,0.750932992,0.015817966,-0.061485582
10.98,0.754813313,0.015823793,-0.061388223
10.99,0.756575644,0.015620012,-0.061321908
11,0.758335114,0.015536832,-0.061255235
11.01,0.760326445,0.015534594,-0.061073408
11.02,0.762069225,0.015401277,-0.060832543
11.03,0.764939666,0.015053022,-0.060704329
11.04,0.766422093,0.015063529,-0.060466257
11.05,0.768014669,0.015075758,-0.06029353
11.06,0.769436479,0.014992394,-0.060268864
11.07,0.770786107,0.014915144,-0.060305677
11.08,0.773903489,0.015072948,-0.060307569
11.09,0.775446296,0.015129449,-0.060314176
11.1,0.77693063,0.015112946,-0.060314775
11.11,0.778617561,0.015096408,-0.060362616
11.12,0.78046006,0.015334589,-0.060448429
11.13,0.783837676,0.015593018,-0.06044201
11.14,0.785593927,0.015494491,-0.060549082
11.15,0.787414312,0.015425398,-0.060661563
11.16,0.789203644,0.015515188,-0.060631781
11.17,0.790864587,0.015559017,-0.060565568
11.18,0.793992102,0.015172778,-0.060552505
11.19,0.795725405,0.015079236,-0.060497478
11.2,0.797311604,0.015029346,-0.06046564
11.21,0.798853695,0.015042519,-0.060417636
11.22,0.800448239,0.014957773,-0.060295513
11.23,0.803802788,0.014922051,-0.060295584
11.24,0.805568695,0.015108693,-0.060308441
11.25,0.807266951,0.01530826,-0.060270709
11.26,0.809033811,0.015249571,-0.060319163
11.27,0.810737848,0.015189637,-0.060426014
11.28,0.814101279,0.015500071,-0.060397209
11.29,0.815761507,0.015457075,-0.060398541
11.3,0.817355633,0.015311749,-0.060344612
11.31,0.819052875,0.015152858,-0.060295335
11.32,0.820724785,0.015122791,-0.060373011
11.33,0.823713601,0.014917716,-0.060363313
11.34,0.825264573,0.014687613,-0.060350705
11.35,0.827071488,0.014548238,-0.060382665
11.36,0.828866005,0.014612626,-0.060413665
11.37,0.830363691,0.014755542,-0.060362826
11.38,0.833644211,0.014769804,-0.060309269
11.39,0.835496187,0.014832377,-0.060267567
11.4,0.837145507,0.014963369,-0.060289729
11.41,0.838632584,0.014979393,-0.060295233
11.42,0.840083778,0.014953084,-0.060181067
11.43,0.84345752,0.015022302,-0.060088782
11.44,0.844955385,0.014914566,-0.060007436
11.45,0.846404374,0.014862576,-0.059883298
11.46,0.848089397,0.014770966,-0.059785876
11.47,0.849674463,0.014748932,-0.059809607
11.48,0.852523625,0.014682178,-0.059879115
11.49,0.853928328,0.014714268,-0.059847344
11.5,0.855663717,0.014839133,-0.059687305
11.51,0.857395411,0.014851307,-0.059596681
11.52,0.859001577,0.014784114,-0.059577476
11.53,0.862457931,0.014740509,-0.059577014
11.54,0.864401102,0.014795434,-0.059534463
11.55,0.866290331,0.014861543,-0.059460241
11.56,0.868054807,0.014756418,-0.059388785
11.57,0.869749367,0.014647515,-0.059327805
11.58,0.873052359,0.014637002,-0.059175122
11.59,0.874628186,0.014694103,-0.059135133
11.6,0.876173019,0.014541423,-0.059246073
11.61,0.877598226,0.014420469,-0.059333502
11.62,0.879152834,0.014473042,-0.059384666
11.63,0.882275462,0.014486341,-0.059456886
11.64,0.883855879,0.014450184,-0.059494662
11.65,0.885502279,0.014566164,-0.05958406
11.66,0.887291253,0.014726873,-0.059665912
11.67,0.889048517,0.01487009,-0.059738247
11.68,0.892355561,0.014802901,-0.059890243
11.69,0.894117296,0.014929127,-0.060015147
11.7,0.8959589,0.015092736,-0.060053445
11.71,0.89760828,0.015069672,-0.060136633
11.72,0.899172068,0.014899408,-0.060206349
11.73,0.902375162,0.014887793,-0.060183381
11.74,0.90408653,0.014889929,-0.060189641
11.75,0.905538023,0.014688043,-0.060208957
11.76,0.907053411,0.014560977,-0.060174552
11.77,0.908665776,0.014565564,-0.060016636
11.78,0.912123501,0.014527326,-0.05996412
11.79,0.913701117,0.014523644,-0.059911085
11.8,0.915442526,0.014557841,-0.059929571
11.81,0.917283237,0.014658317,-0.059962518
11.82,0.918997407,0.014755174,-0.059964897
11.83,0.921774268,0.014816686,-0.060021157
11.84,0.923268855,0.014869935,-0.060112658
11.85,0.924806535,0.014912403,-0.060256205
11.86,0.926027238,0.014830906,-0.060454308
11.87,0.927132487,0.014775788,-0.060728049
11.88,0.930285335,0.014834478,-0.060907771
11.89,0.931946337,0.014778787,-0.061018085
11.9,0.933445632,0.014761897,-0.061110728
11.91,0.935045004,0.014773604,-0.061149249
11.92,0.936670721,0.014683714,-0.061303262
11.93,0.940518677,0.014923595,-0.061563574
11.94,0.942400932,0.014986948,-0.061681852
11.95,0.944274724,0.015037519,-0.061601255
11.96,0.946081877,0.01492938,-0.061518042
11.97,0.947993875,0.014903556,-0.061590475
11.98,0.951391518,0.014754,-0.061651698
11.99,0.953059733,0.014615821,-0.061729242
12,0.954793155,0.014468473,-0.061748523
12.01,0.956368446,0.014381776,-0.06175132
12.02,0.957856297,0.014388484,-0.061763147
12.03,0.960900426,0.014266773,-0.061626533
12.04,0.96258378,0.014273727,-0.061605783
12.05,0.964332819,0.014410187,-0.061797581
12.06,0.965907991,0.014479755,-0.061977624
12.07,0.967376649,0.014493907,-0.061905879
12.08,0.971102238,0.014862726,-0.061844009
12.09,0.972876191,0.014918322,-0.061806869
12.1,0.974581838,0.014842418,-0.061693682
12.11,0.976446033,0.014704168,-0.061515631
12.12,0.978427649,0.014687699,-0.061257474
12.13,0.981823921,0.014581181,-0.061024893
12.14,0.983415782,0.014413802,-0.060753903
12.15,0.985194623,0.01427853,-0.060422336
12.16,0.986982286,0.014163213,-0.060146742
12.17,0.988440394,0.014062058,-0.060075558
12.18,0.991258025,0.014014257,-0.059892882
12.19,0.993048847,0.014112143,-0.059782146
12.2,0.994811714,0.014195321,-0.059850093
12.21,0.996419072,0.014151888,-0.059952201
12.22,0.998023987,0.014159156,-0.059977917
12.23,1.001564026,0.014324634,-0.060014353
12.24,1.003249049,0.014462444,-0.060150854
12.25,1.004751325,0.014559453,-0.060287699
12.26,1.006385207,0.014548089,-0.060341678
12.27,1.008146167,0.014510031,-0.060281276
12.28,1.011320591,0.014283195,-0.060404996
12.29,1.012923479,0.014200786,-0.060519789
12.3,1.014540315,0.014201254,-0.060633131
12.31,1.016193867,0.014110789,-0.060802891
12.32,1.017796278,0.01396611,-0.061036763
12.33,1.02102983,0.013898207,-0.061193672
12.34,1.022888541,0.013981773,-0.061308618
12.35,1.0248276,0.014129734,-0.061408498
12.36,1.026563883,0.014083872,-0.061582742
12.37,1.028454781,0.014109859,-0.061760282
12.38,1.032004595,0.014249891,-0.061878874
12.39,1.03377831,0.014362033,-0.061907716
12.4,1.035538077,0.014279413,-0.061791054
12.41,1.037111759,0.014161353,-0.061618123
12.42,1.038543701,0.014106243,-0.061559724
12.43,1.041618705,0.013947615,-0.061731419
12.44,1.043206692,0.013721603,-0.061895697
12.45,1.04487896,0.013612391,-0.062055948
12.46,1.046647191,0.013583459,-0.062116165
12.47,1.048491955,0.013603782,-0.06213114
12.48,1.051991582,0.013548813,-0.062130761
12.49,1.053910375,0.013642268,-0.062238843
12.5,1.055972338,0.013649882,-0.062444352
12.51,1.057962298,0.013600188,-0.062678888
12.52,1.059701681,0.013556236,-0.06283243
12.53,1.06317246,0.013656601,-0.06285111
12.54,1.064780354,0.01364341,-0.062864003
12.55,1.066288233,0.013569545,-0.062846211
12.56,1.067670465,0.013509581,-0.062858139
12.57,1.069180131,0.013515733,-0.062951054
12.58,1.072477341,0.01355813,-0.06317287
12.59,1.074039936,0.013491225,-0.063343502
12.6,1.07572329,0.013466097,-0.063427497
12.61,1.077542901,0.013424594,-0.063482142
12.62,1.079448342,0.013351992,-0.063510831
12.63,1.082927704,0.013216215,-0.063533062
12.64,1.08473146,0.013168779,-0.063543175
12.65,1.086544871,0.013029648,-0.063562875
12.66,1.088361502,0.012781763,-0.063460056
12.67,1.089937568,0.012633011,-0.063256871
12.68,1.092955589,0.012842248,-0.062948456
12.69,1.094462514,0.012905258,-0.062638297
12.7,1.096042752,0.012867027,-0.062388936
12.71,1.097620845,0.012923361,-0.062202459
12.72,1.099191308,0.013029157,-0.062101552
12.73,1.102776766,0.013140542,-0.061994076
12.74,1.104559779,0.013138315,-0.061849059
12.75,1.106266737,0.013110589,-0.061669746
12.76,1.108020902,0.013129204,-0.061631595
12.77,1.109848976,0.013080809,-0.061720614
12.78,1.113330364,0.01288035,-0.061817182
12.79,1.114755869,0.012809266,-0.061928273
12.8,1.116315842,0.01279185,-0.061988567
12.81,1.117885232,0.012908317,-0.06203916
12.82,1.119418859,0.012899146,-0.061979852
12.83,1.12247169,0.012820809,-0.061976839
12.84,1.124209881,0.012978552,-0.062024902
12.85,1.12582159,0.013090324,-0.062092314
12.86,1.127270937,0.013304079,-0.062123671
12.87,1.128759503,0.013401648,-0.062045302
12.88,1.132415533,0.013489547,-0.061998547
12.89,1.134211779,0.013418891,-0.061912271
12.9,1.13592732,0.013203881,-0.061845522
12.91,1.137717843,0.013113528,-0.061756637
12.92,1.139719963,0.013124783,-0.061732417
12.93,1.143470168,0.013097365,-0.061693764
12.94,1.145080447,0.013076581,-0.061695591
12.95,1.146765113,0.013021979,-0.061779981
12.96,1.14865613,0.012931691,-0.061864278
12.97,1.150412917,0.012845119,-0.061968694
12.98,1.153294206,0.012643453,-0.062021963
12.99,1.154948354,0.01264381,-0.06209104
13,1.156662822,0.012753477,-0.062169489
13.01,1.158028126,0.012676175,-0.0622041
13.02,1.159564614,0.012691261,-0.062205126
13.03,1.163208604,0.012785728,-0.062155412
13.04,1.164907098,0.0128727,-0.062052734
13.05,1.166346908,0.012734453,-0.061845464
13.06,1.16786027,0.012666631,-0.061649334
13.07,1.16953516,0.012735136,-0.061493571
13.08,1.172855496,0.012633408,-0.061411253
13.09,1.174365401,0.012517855,-0.061340573
13.1,1.175942063,0.012470474,-0.061296727
13.11,1.177476406,0.012441299,-0.061290313
13.12,1.179073453,0.01253372,-0.061289339
13.13,1.182174563,0.01250637,-0.061380932
13.14,1.183734059,0.012382044,-0.06145035
13.15,1.18561995,0.012451998,-0.061631054
13.16,1.187557578,0.012471861,-0.061837441
13.17,1.189297438,0.012391707,-0.062046683
13.18,1.192615628,0.012420528,-0.06218123
13.19,1.194329262,0.012516004,-0.062299294
13.2,1.195891857,0.012527172,-0.062390795
13.21,1.197431564,0.012472182,-0.062477259
13.22,1.199081182,0.012508261,-0.062596013
13.23,1.202533722,0.01275214,-0.062570485
13.24,1.203413606,0.012278967,-0.062297377
13.25,1.204485655,0.011958515,-0.061807918
13.26,1.20514214,0.011338109,-0.061002866
13.27,1.206634283,0.011243586,-0.060192014
13.28,1.209994078,0.010935878,-0.059210577
13.29,1.211930275,0.010945303,-0.058199662
13.3,1.213825941,0.011,-0.057142102
13.31,1.215641975,0.010977106,-0.056062904
13.32,1.217351317,0.01081385,-0.054953806
13.33,1.220914602,0.010824079,-0.053907428
13.34,1.222543716,0.010943467,-0.053161297
13.35,1.224071622,0.010848868,-0.052541616
13.36,1.225481033,0.010673863,-0.052193531
13.37,1.22700429,0.010693859,-0.05186637
13.38,1.229894757,0.011003345,-0.051731701
13.39,1.231462717,0.010926452,-0.051623802
13.4,1.232953072,0.010698991,-0.05158898
13.41,1.234625578,0.010821924,-0.051536817
13.42,1.236399651,0.010950454,-0.051439196
13.43,1.239728212,0.010535506,-0.051367308
13.44,1.241401792,0.010369473,-0.051277407
13.45,1.243167996,0.010390729,-0.051183085
13.46,1.24488759,0.010402538,-0.05109742
13.47,1.246632814,0.01032334,-0.05102557
13.48,1.24994266,0.010188607,-0.050870331
13.49,1.251567364,0.010251241,-0.050724018
13.5,1.253136158,0.01036927,-0.050606656
13.51,1.254591107,0.010399131,-0.050542785
13.52,1.256009698,0.01043164,-0.050512038
13.53,1.259169698,0.010679603,-0.050465833
13.54,1.260569096,0.010682072,-0.050427562
13.55,1.262054324,0.010649282,-0.050489977
13.56,1.263574123,0.010621475,-0.050496313
13.57,1.265263319,0.010506334,-0.050458613
13.58,1.268677235,0.010287672,-0.050451811
13.59,1.27040875,0.010152933,-0.050493226
13.6,1.272089958,0.010081589,-0.050494661
13.61,1.27387464,0.009992294,-0.050440698
13.62,1.275597692,0.009898778,-0.050417939
13.63,1.278816223,0.009752978,-0.050400763
13.64,1.280325651,0.009825213,-0.050370828
13.65,1.281916499,0.009907465,-0.050246026
13.66,1.283543944,0.009875724,-0.050193435
13.67,1.285318017,0.009819306,-0.050177319
13.68,1.288807988,0.009882852,-0.050170012
13.69,1.29066956,0.009831605,-0.050133949
13.7,1.292350173,0.009750861,-0.050120453
13.71,1.293959498,0.009815391,-0.050195391
13.72,1.295819402,0.010136652,-0.050106995
13.73,1.299309134,0.010050682,-0.050039937
13.74,1.301051497,0.01012684,-0.050065038
13.75,1.302609921,0.010117055,-0.050169106
13.76,1.304172873,0.009939783,-0.050323378
13.77,1.305763125,0.009845573,-0.050390818
13.78,1.308906078,0.009750031,-0.05059221
13.79,1.310526848,0.009724802,-0.050792975
13.8,1.312207341,0.009732303,-0.05093468
13.81,1.313828349,0.009727119,-0.051080986
13.82,1.315550566,0.009770353,-0.051356837
13.83,1.319155812,0.009831889,-0.051522931
13.84,1.320888638,0.009776299,-0.051660973
13.85,1.322517991,0.009664596,-0.051803679
13.86,1.324223638,0.009606288,-0.05191618
13.87,1.326011062,0.009733761,-0.051996354
13.88,1.329186916,0.009649478,-0.052025405
13.89,1.330134511,0.009328313,-0.052412718
13.9,1.331423283,0.00926981,-0.053025841
13.91,1.332681656,0.009115786,-0.053877328
13.92,1.333882332,0.008934432,-0.054938515
13.93,1.336687684,0.008720985,-0.056184075
13.94,1.338246703,0.009072749,-0.057326867
13.95,1.339742541,0.009214723,-0.05841276
13.96,1.341453075,0.009147868,-0.059396345
13.97,1.343075156,0.009090952,-0.060421048
13.98,1.346574903,0.009109937,-0.061384579
13.99,1.348379016,0.008994767,-0.061948498
14,1.350112557,0.008854799,-0.062376222
14.01,1.351843119,0.008744307,-0.062580816
14.02,1.353649735,0.008741721,-0.062529351
14.03,1.357001662,0.008658538,-0.062340704
14.04,1.358596683,0.008505713,-0.062164875
14.05,1.360187531,0.008393401,-0.061945673
14.06,1.361839056,0.008492175,-0.061827053
14.07,1.363409877,0.008483624,-0.061808271
14.08,1.366587043,0.008377002,-0.061790207
14.09,1.368205905,0.008445027,-0.061768539
14.1,1.369882703,0.008492043,-0.061733385
14.11,1.371472001,0.008507715,-0.061636883
14.12,1.373143911,0.008439129,-0.061557566
14.13,1.376336098,0.008334354,-0.061547469
14.14,1.378057003,0.008387277,-0.061553681
14.15,1.379926324,0.008396631,-0.061553392
14.16,1.381513238,0.008338105,-0.061557081
14.17,1.383056641,0.00824464,-0.061518381
14.18,1.386450648,0.008273613,-0.06149494
14.19,1.388045907,0.0082007,-0.061541466
14.2,1.389748931,0.008189923,-0.061597556
14.21,1.391370535,0.008157745,-0.061684594
14.22,1.393101454,0.00816785,-0.061835285
14.23,1.396587491,0.00837149,-0.061957632
14.24,1.398261309,0.008374375,-0.062047842
14.25,1.400009394,0.008305499,-0.062239681
14.26,1.401601315,0.008279984,-0.062450959
14.27,1.403244257,0.00839141,-0.062656603
14.28,1.40625906,0.008283252,-0.062929213
14.29,1.407743692,0.008180231,-0.063157431
14.3,1.409195542,0.008224627,-0.063347763
14.31,1.410697222,0.008279012,-0.063442562
14.32,1.412174344,0.008296404,-0.063542279
14.33,1.415203333,0.008235729,-0.063673067
14.34,1.416757703,0.008344753,-0.063857526
14.35,1.418496251,0.008523308,-0.063956486
14.36,1.420174599,0.008508259,-0.063993527
14.37,1.421754003,0.008403349,-0.063977209
14.38,1.425053716,0.008448518,-0.063830289
14.39,1.426768184,0.008413098,-0.063725843
14.4,1.42841208,0.00835405,-0.063642058
14.41,1.430122614,0.008163057,-0.063630002
14.42,1.431880951,0.008082531,-0.063556813
14.43,1.435258269,0.008194216,-0.063426125
14.44,1.436864138,0.008118508,-0.063210912
14.45,1.438521743,0.007954843,-0.063069488
14.46,1.44017458,0.007936767,-0.062985703
14.47,1.441873908,0.008148182,-0.062997797
14.48,1.445045352,0.008112903,-0.063040026
14.49,1.446676493,0.008057995,-0.063070837
14.5,1.448275566,0.008193186,-0.06303064
14.51,1.449880719,0.008225083,-0.062966417
14.52,1.451549172,0.008224199,-0.062962042
14.53,1.454763055,0.008123907,-0.062969757
14.54,1.456519127,0.008123558,-0.063052682
14.55,1.458285332,0.008079756,-0.063098942
14.56,1.459998131,0.00807,-0.063119924
14.57,1.461698174,0.007860749,-0.0630527
14.58,1.465127707,0.007686848,-0.062979091
14.59,1.466755271,0.007655588,-0.062869905
14.6,1.468464494,0.007550962,-0.062821928
14.61,1.470172644,0.007442871,-0.062761877
14.62,1.471906781,0.007551551,-0.062732233
14.63,1.47534585,0.007721207,-0.062634708
14.64,1.477093458,0.007729904,-0.062536736
14.65,1.478782415,0.007765716,-0.062387973
14.66,1.480468512,0.008068437,-0.062301939
14.67,1.482198358,0.008169048,-0.062212194
14.68,1.485242605,0.008019593,-0.062162933
14.69,1.486718297,0.007959044,-0.062068326
14.7,1.488239408,0.007831396,-0.061892864
14.71,1.489701152,0.007713707,-0.061757301
14.72,1.491193533,0.007536568,-0.061564118
14.73,1.494160891,0.007275226,-0.061507687
14.74,1.495763659,0.007264743,-0.061488616
14.75,1.497396231,0.007277716,-0.06152987
14.76,1.498952746,0.007258855,-0.061450573
14.77,1.500643611,0.007283392,-0.061367423
14.78,1.504152656,0.007533267,-0.061262592
14.79,1.505859256,0.007582929,-0.061201324
14.8,1.507739782,0.007603707,-0.061202345
14.81,1.509489417,0.007586297,-0.061188635
14.82,1.511153817,0.007610837,-0.06123871
14.83,1.514546394,0.007414583,-0.061179773
14.84,1.516180754,0.007304648,-0.061049932
14.85,1.517701149,0.007230798,-0.060917559
14.86,1.519242883,0.007180864,-0.060889682
14.87,1.520792127,0.00706806,-0.060945467
14.88,1.5238868,0.00701772,-0.061099436
14.89,1.525483131,0.007025294,-0.061209813
14.9,1.527107358,0.006980478,-0.061293546
14.91,1.52879107,0.006960065,-0.061358161
14.92,1.530507803,0.006899651,-0.061401635
14.93,1.534111381,0.007027902,-0.061558265
14.94,1.535920143,0.007134166,-0.061747805
14.95,1.537712216,0.007040448,-0.061887715
14.96,1.539515376,0.00706827,-0.061939473
14.97,1.541336894,0.007196937,-0.061915746
14.98,1.544718862,0.00696307,-0.061861119
14.99,1.546393514,0.006883211,-0.061885808
15,1.548037887,0.006887723,-0.061964307
15.01,1.549562573,0.006881846,-0.062100731
15.02,1.551210642,0.006786556,-0.062219321
15.03,1.554436326,0.006671311,-0.062307701
15.04,1.556071043,0.006654495,-0.062408179
15.05,1.557725191,0.006630602,-0.06255711
15.06,1.559434652,0.00665785,-0.06269028
15.07,1.561077952,0.006689712,-0.062912357
15.08,1.564497709,0.006904226,-0.063082349
15.09,1.566058517,0.006872889,-0.063278653
15.1,1.567687511,0.006820347,-0.063424378
15.11,1.569289923,0.006736387,-0.063536053
15.12,1.570897341,0.00679319,-0.063609036
15.13,1.573984265,0.006744887,-0.063659019
15.14,1.575569749,0.006575719,-0.063654144
15.15,1.57712996,0.006556974,-0.063595877
15.16,1.578790545,0.006636636,-0.06360261
15.17,1.580375433,0.006516171,-0.063540804
15.18,1.58375144,0.006145937,-0.063475808
15.19,1.585499048,0.00619047,-0.063358326
15.2,1.587295175,0.006262932,-0.063262366
15.21,1.589063287,0.006163821,-0.063163279
15.22,1.590782762,0.006114533,-0.063099866
15.23,1.59420526,0.006305851,-0.063010912
15.24,1.595688939,0.006198118,-0.062900058
15.25,1.597202659,0.006065302,-0.062806461
15.26,1.598806381,0.006048702,-0.062743773
15.27,1.600364447,0.006084621,-0.062747035
15.28,1.60342741,0.006122474,-0.062832669
15.29,1.605066776,0.006068144,-0.06295387
15.3,1.606727958,0.006114396,-0.062994176
15.31,1.608423591,0.00619219,-0.063019186
15.32,1.610250473,0.006329063,-0.062998135
15.33,1.613611221,0.006098129,-0.062973617
15.34,1.615419984,0.006237511,-0.062972879
15.35,1.617263198,0.006423943,-0.06298355
15.36,1.619002461,0.006264319,-0.062917006
15.37,1.620896459,0.006065404,-0.062778309
15.38,1.624412894,0.006048698,-0.062615951
15.39,1.626115203,0.005996638,-0.062417752
15.4,1.627642393,0.00582354,-0.062334637
15.41,1.629184484,0.005727807,-0.062333614
15.42,1.630743027,0.005707842,-0.062367154
15.43,1.633915067,0.005822172,-0.062467502
15.44,1.635403991,0.005679976,-0.062609682
15.45,1.637069464,0.00575706,-0.062810409
15.46,1.638808608,0.005949002,-0.062984575
15.47,1.640509129,0.006204365,-0.063169192
15.48,1.643935084,0.006229592,-0.063259189
15.49,1.645604253,0.006277151,-0.063321511
15.5,1.647218823,0.00638395,-0.063341435
15.51,1.648829579,0.006285202,-0.063382668
15.52,1.650331616,0.006121878,-0.063402622
15.53,1.653356075,0.005990574,-0.063303611
15.54,1.65491724,0.006000202,-0.063142175
15.55,1.656371355,0.00583044,-0.062973893
15.56,1.657975793,0.005620516,-0.062895165
15.57,1.659668446,0.005608577,-0.062776246
15.58,1.662932754,0.005731279,-0.062636613
15.59,1.664707065,0.005610939,-0.062571423
15.6,1.666508198,0.005616054,-0.062554992
15.61,1.668257117,0.005705441,-0.062509729
15.62,1.670084715,0.005909909,-0.06249699
15.63,1.673527479,0.005898533,-0.062528319
15.64,1.675189734,0.005886447,-0.062588935
15.65,1.676814198,0.00596977,-0.062644689
15.66,1.678289771,0.006098332,-0.062682574
15.67,1.679778099,0.006018594,-0.062787939
15.68,1.682827353,0.00572527,-0.062966159
15.69,1.684278846,0.005818951,-0.063080228
15.7,1.685912371,0.005656011,-0.063080383
15.71,1.687654138,0.005384445,-0.063054153
15.72,1.689400911,0.00523572,-0.063005777
15.73,1.693064928,0.005267425,-0.063010693
15.74,1.694855332,0.005126156,-0.063011496
15.75,1.696699619,0.005081112,-0.063003071
15.76,1.698485494,0.005128987,-0.062928575
15.77,1.700336456,0.005337249,-0.062812428
15.78,1.70355773,0.005372976,-0.062707489
15.79,1.705175996,0.005422059,-0.06258907
15.8,1.706764936,0.00562194,-0.06258945
15.81,1.708270669,0.005813338,-0.062601899
15.82,1.709691286,0.005676439,-0.062590439
15.83,1.712893128,0.005435664,-0.062454383
15.84,1.714364052,0.005457029,-0.062341421
15.85,1.715871572,0.005463394,-0.062212978
15.86,1.717456698,0.005148429,-0.062150778
15.87,1.719158769,0.004895985,-0.06212752
15.88,1.722576499,0.005035527,-0.062023994
15.89,1.724319577,0.004889902,-0.061893168
15.9,1.726008773,0.004690329,-0.061739583
15.91,1.727843881,0.004757058,-0.061565949
15.92,1.729546785,0.004928055,-0.061350791
15.93,1.732794046,0.004874967,-0.061204643
15.94,1.734290957,0.004691685,-0.061076335
15.95,1.73595643,0.004772292,-0.060981186
15.96,1.737536311,0.00488019,-0.060887611
15.97,1.739040494,0.004875528,-0.060773524
15.98,1.742150068,0.004517643,-0.060666371
15.99,1.743817806,0.004797589,-0.060605247
16,1.745334983,0.004969684,-0.060566421
16.01,1.746913195,0.00474766,-0.060616729
16.02,1.748585582,0.004508869,-0.060739861
16.03,1.752202868,0.004842424,-0.060877807
16.04,1.753843784,0.004819903,-0.060974065
16.05,1.755638599,0.004493067,-0.061041402
16.06,1.757339597,0.004342956,-0.061106049
16.07,1.759062529,0.00455161,-0.061228846
16.08,1.762180686,0.004545217,-0.061428755
16.09,1.763700843,0.004317536,-0.061573247
16.1,1.765285969,0.004286763,-0.061631118
16.11,1.767042875,0.004527278,-0.061513461
16.12,1.768682957,0.004560402,-0.061463969
16.13,1.77213788,0.004007343,-0.061482324
16.14,1.773965597,0.004131606,-0.061567514
16.15,1.775794029,0.004416043,-0.061651633
16.16,1.777448297,0.00428937,-0.06170377
16.17,1.779203057,0.004035308,-0.061757831
16.18,1.78271687,0.004261931,-0.061751248
16.19,1.784314871,0.004554275,-0.061901341
16.2,1.785928369,0.004338615,-0.062114699
16.21,1.787428975,0.004183555,-0.062387641
16.22,1.788987041,0.004295999,-0.062610047
16.23,1.792111635,0.004575666,-0.062725728
16.24,1.793650627,0.004322248,-0.06279864
16.25,1.795396805,0.004176592,-0.062923642
16.26,1.797146559,0.00435615,-0.063101462
16.27,1.798878431,0.004564384,-0.063218188
16.28,1.802408218,0.003923815,-0.063388825
16.29,1.804214716,0.003860827,-0.063470048
16.3,1.805970907,0.004059186,-0.063434158
16.31,1.807570219,0.004223138,-0.063426864
16.32,1.809197187,0.003934234,-0.063446396
16.33,1.812348723,0.003870193,-0.063482591
16.34,1.813927412,0.004067434,-0.063523174
16.35,1.815476298,0.004113345,-0.063529462
16.36,1.816959977,0.00385928,-0.063463336
16.37,1.818505764,0.003749993,-0.063400998
16.38,1.821609616,0.004105762,-0.063401625
16.39,1.823071599,0.004000265,-0.063423222
16.4,1.824717879,0.003765997,-0.063497272
16.41,1.82628727,0.003747955,-0.063531102
16.42,1.827973604,0.004009156,-0.063560168
16.43,1.831329584,0.003894046,-0.063576735
16.44,1.833143353,0.003755452,-0.063619531
16.45,1.835021138,0.003970146,-0.063644873
16.46,1.836756706,0.004209554,-0.063636276
16.47,1.838505745,0.003925151,-0.063663515
16.48,1.842001081,0.003639594,-0.063537393
16.49,1.843793273,0.003900579,-0.06333008
16.5,1.845386505,0.003891762,-0.063207007
16.51,1.846988201,0.003509028,-0.063170609
16.52,1.84864974,0.003310096,-0.063150177
16.53,1.851935267,0.003721198,-0.063157417
16.54,1.853474855,0.003529062,-0.063150976
16.55,1.855080724,0.003342925,-0.063110014
16.56,1.856828928,0.003331708,-0.063119152
16.57,1.858619452,0.003587706,-0.063124626
16.58,1.8618958,0.003404297,-0.063263408
16.59,1.863730192,0.003346888,-0.063471773
16.6,1.865375638,0.003534487,-0.063579062
16.61,1.867096901,0.003856885,-0.063530276
16.62,1.868743062,0.003790478,-0.063424597
16.63,1.871924162,0.003590037,-0.063349818
16.64,1.873593688,0.003748246,-0.063315367
16.65,1.875097036,0.003846901,-0.063245979
16.66,1.876608253,0.003537728,-0.063172796
16.67,1.878272653,0.003284928,-0.063048178
16.68,1.881872892,0.003507823,-0.062855269
16.69,1.883704543,0.003464563,-0.062698951
16.7,1.885421991,0.003123457,-0.062659588
16.71,1.887270212,0.003088495,-0.062727722
16.72,1.888982177,0.00320085,-0.062842711
16.73,1.892301679,0.003269922,-0.06290389
16.74,1.8938241,0.003129922,-0.062924362
16.75,1.895261645,0.003260813,-0.062955591
16.76,1.896705151,0.003608262,-0.063020703
16.77,1.898122072,0.003740856,-0.063138398
16.78,1.900831699,0.003361403,-0.063255519
16.79,1.902487755,0.003459278,-0.063336802
16.8,1.903974891,0.003618146,-0.063339273
16.81,1.905559897,0.003521743,-0.063269193
16.82,1.907234788,0.003159365,-0.063152015
16.83,1.910818458,0.003201618,-0.063137834
16.84,1.912559271,0.00325873,-0.063143588
16.85,1.914425373,0.002923438,-0.063126768
16.86,1.916254044,0.002637086,-0.063116864
16.87,1.918011308,0.002657599,-0.063112631
16.88,1.921497583,0.003032152,-0.063054038
16.89,1.922945857,0.00278876,-0.063068193
16.9,1.924549937,0.002757415,-0.063089008
16.91,1.926255822,0.003030686,-0.063173677
16.92,1.927754283,0.003329569,-0.063282999
16.93,1.930852294,0.003081485,-0.063319898
16.94,1.932564259,0.003243518,-0.06334455
16.95,1.934282899,0.003637495,-0.06343756
16.96,1.935947537,0.003573032,-0.063500177
16.97,1.937605739,0.00316881,-0.063541379
16.98,1.941083193,0.003029056,-0.06358016
16.99,1.942814112,0.003230663,-0.063508288
17,1.944507241,0.00293859,-0.063482989
17.01,1.946252346,0.00255721,-0.063498303
17.02,1.948061585,0.002405729,-0.063458643
17.03,1.951440334,0.002738931,-0.063363217
17.04,1.953089833,0.002427265,-0.06327527
17.05,1.954726577,0.002251716,-0.063168085
17.06,1.956445217,0.002360921,-0.0630487
17.07,1.958178639,0.002733375,-0.062913392
17.08,1.961383462,0.002396662,-0.062775879
17.09,1.963155985,0.002293441,-0.062671933
17.1,1.964830399,0.002530225,-0.062519456
17.11,1.966618896,0.002755627,-0.062356665
17.12,1.968237996,0.002379518,-0.062261908
17.13,1.971453667,0.002206586,-0.062288327
17.14,1.973070264,0.002495409,-0.062292357
17.15,1.9745543,0.002565892,-0.062276032
17.16,1.976003528,0.002200769,-0.062282989
17.17,1.977539659,0.002056872,-0.062291026
17.18,1.980703354,0.002605028,-0.062296409
17.19,1.982277274,0.002477579,-0.062353983
17.2,1.98376298,0.002086724,-0.06239194
17.21,1.985513091,0.002065567,-0.062449187
17.22,1.987208486,0.002286911,-0.062476939
17.23,1.990312696,0.002185012,-0.062406523
17.24,1.992031813,0.001905555,-0.062340289
17.25,1.993915319,0.002049338,-0.062377779
17.26,1.995675802,0.002386739,-0.062409122
17.27,1.997498274,0.002354914,-0.062480841
17.28,2.000865698,0.001818998,-0.062638446
17.29,2.002709866,0.002102405,-0.062671352
17.3,2.004309893,0.002294417,-0.062685974
17.31,2.005882978,0.0020457,-0.062755892
17.32,2.007408381,0.001764397,-0.062816007
17.33,2.01066494,0.002118977,-0.062941385
17.34,2.01224041,0.002220912,-0.063057313
17.35,2.013849974,0.001860883,-0.063161163
17.36,2.015474796,0.001730654,-0.063304152
17.37,2.017308712,0.001993531,-0.063437042
17.38,2.020727634,0.002273045,-0.063534119
17.39,2.022418499,0.002007046,-0.06368172
17.4,2.024280787,0.002020469,-0.063870715
17.41,2.02613163,0.002203565,-0.063928072
17.42,2.027765751,0.002291918,-0.063954013
17.43,2.030988693,0.001643623,-0.063998681
17.44,2.032703638,0.001682486,-0.064038262
17.45,2.034323215,0.001976691,-0.063997249
17.46,2.03597784,0.001835745,-0.06397503
17.47,2.037606478,0.001428081,-0.063961986
17.48,2.041145086,0.001530627,-0.064024354
17.49,2.042736769,0.0018381,-0.064030617
17.5,2.044458151,0.001580488,-0.064095612
17.51,2.046111822,0.0013461,-0.06417988
17.52,2.047724247,0.001498816,-0.0642742
17.53,2.050917149,0.001957241,-0.064293852
17.54,2.052419186,0.001548419,-0.064377922
17.55,2.053932905,0.001443271,-0.064483588
17.56,2.05560112,0.001679001,-0.064527326
17.57,2.057039976,0.001935654,-0.064563972
17.58,2.060045958,0.001491079,-0.064553328
17.59,2.061653614,0.001503421,-0.064643077
17.6,2.063345194,0.001745916,-0.064671701
17.61,2.065068007,0.001827512,-0.064671543
17.62,2.066733122,0.001549646,-0.064687099
17.63,2.070350647,0.00150397,-0.06471344
17.64,2.07214427,0.001854427,-0.064630697
17.65,2.073842525,0.001707589,-0.064611714
17.66,2.075558901,0.00143766,-0.064678419
17.67,2.077353954,0.001397818,-0.064692846
17.68,2.080605745,0.001682998,-0.064672813
17.69,2.082123756,0.001370989,-0.064643001
17.7,2.083728075,0.001149399,-0.064656663
17.71,2.085346222,0.001259044,-0.064720858
17.72,2.086873293,0.001513628,-0.064781957
17.73,2.089953423,0.001319367,-0.064797618
17.74,2.091622591,0.001300534,-0.06487504
17.75,2.093363047,0.001572449,-0.064866228
17.76,2.095005035,0.001809344,-0.06476071
17.77,2.096652508,0.001741825,-0.06465459
17.78,2.100193501,0.001719937,-0.064574263
17.79,2.101969242,0.001853202,-0.064480622
17.8,2.103791475,0.001742932,-0.064343529
17.81,2.105656624,0.001399692,-0.064237518
17.82,2.10755682,0.001226829,-0.064157887
17.83,2.11123395,0.00162493,-0.06409395
17.84,2.112826109,0.001485127,-0.063998172
17.85,2.114384174,0.001150437,-0.06403338
17.86,2.116086721,0.001122511,-0.064100055
17.87,2.117646217,0.00132579,-0.064143973
17.88,2.120628119,0.00139263,-0.064141633
17.89,2.122168064,0.00112702,-0.064123957
17.9,2.123853207,0.001354741,-0.064120583
17.91,2.125491142,0.001664119,-0.064106841
17.92,2.127094746,0.001648008,-0.064056944
17.93,2.130424023,0.001214189,-0.064078487
17.94,2.132161617,0.001449249,-0.064103269
17.95,2.133766413,0.001621045,-0.064034583
17.96,2.135532141,0.001345289,-0.063983847
17.97,2.13718605,0.00097501,-0.064048495
17.98,2.140135288,0.001072556,-0.064270723
17.99,2.140851736,0.00085738,-0.064481446
18,2.140999794,0.000426902,-0.064653225
18.01,2.140668631,0.000208326,-0.064729108
18.02,2.139966726,0.000487642,-0.064829826
18.03,2.137268543,0.000620736,-0.064889876
18.04,2.135819197,0.000381628,-0.065016487
18.05,2.134660006,0.000451276,-0.065177426
18.06,2.133654118,0.001042658,-0.065280791
18.07,2.132879019,0.00142202,-0.065307982
18.08,2.132569313,0.001319785,-0.065248834
18.09,2.133021832,0.001699965,-0.065212979
18.1,2.133630276,0.002178801,-0.065247006
18.11,2.13438201,0.002066304,-0.065330272
18.12,2.135027409,0.001876203,-0.065390603
18.13,2.136299133,0.001878005,-0.065388497
18.14,2.136632681,0.001873583,-0.065347062
18.15,2.136761189,0.00143311,-0.065279118
18.16,2.136787891,0.001009464,-0.06525215
18.17,2.1367414,0.000888746,-0.065226374
18.18,2.136414289,0.000840902,-0.06519419
18.19,2.136153936,0.000471089,-0.06517404
18.2,2.135968924,0.000304761,-0.065117377
18.21,2.135887623,0.000616102,-0.065034476
18.22,2.135761023,0.000997103,-0.065006311
18.23,2.135523558,0.000860515,-0.065067712
18.24,2.135546207,0.001045782,-0.06511822
18.25,2.135529995,0.001485021,-0.065127707
18.26,2.135452509,0.00181041,-0.065128955
18.27,2.135321617,0.001744463,-0.065161059
18.28,2.135144711,0.001699716,-0.065197999
18.29,2.135094643,0.001937666,-0.065198131
18.3,2.135010004,0.001796881,-0.065198003
18.31,2.134954453,0.001434003,-0.065261293
18.32,2.135040522,0.001209398,-0.06528226
18.33,2.135373592,0.001359547,-0.065266463
18.34,2.135453701,0.001087246,-0.065262013
18.35,2.135590076,0.000752878,-0.065299183
18.36,2.135818243,0.000760456,-0.065330672
18.37,2.13587904,0.001015243,-0.065285781
18.38,2.13580966,0.000822782,-0.06526576
18.39,2.135681391,0.000784627,-0.065280803
18.4,2.135625601,0.001095546,-0.065249669
18.41,2.135463238,0.001412194,-0.065224885
18.42,2.135285854,0.001317873,-0.065198751
18.43,2.135158777,0.001277586,-0.065230695
18.44,2.135141611,0.001554758,-0.065237626
18.45,2.135152578,0.001620481,-0.06522831
18.46,2.13514328,0.001465435,-0.065228674
18.47,2.135211468,0.001371228,-0.06526919
18.48,2.135428667,0.001598936,-0.065248959
18.49,2.135472298,0.001418251,-0.065236361
18.5,2.135478258,0.001085169,-0.065300953
18.51,2.135534763,0.001040794,-0.065316497
18.52,2.135599852,0.00122752,-0.065302759
18.53,2.135483027,0.000947984,-0.065288373
18.54,2.135452032,0.000780233,-0.065320342
18.55,2.135509014,0.000921874,-0.065358099
18.56,2.135456562,0.00120052,-0.065335348
18.57,2.135365248,0.001203425,-0.065317415
18.58,2.135276079,0.001032763,-0.065385207
18.59,2.135363817,0.001264775,-0.065420371
18.6,2.135334253,0.001521735,-0.065379658
18.61,2.135261059,0.001375693,-0.065367524
18.62,2.135264635,0.001187944,-0.06543047
18.63,2.135483503,0.001593976,-0.065414533
18.64,2.135469437,0.001532004,-0.06537321
18.65,2.135394812,0.001149858,-0.065372888
18.66,2.135485411,0.001079938,-0.065433259
18.67,2.135545731,0.001240478,-0.06547245
18.68,2.135435343,0.001150756,-0.065446312
18.69,2.135378122,0.000869254,-0.065455412
18.7,2.135420084,0.000938036,-0.065510924
18.71,2.135433912,0.001266105,-0.06550225
18.72,2.135359764,0.001322595,-0.065473744
18.73,2.135314226,0.000935267,-0.065509917
18.74,2.135390282,0.001142221,-0.065560479
18.75,2.135402441,0.001487349,-0.065521702
18.76,2.135360479,0.001416643,-0.065488397
18.77,2.135313988,0.001168209,-0.065498442
18.78,2.135486603,0.001399478,-0.06550725
18.79,2.135448217,0.001575691,-0.065466005
18.8,2.13539958,0.001372054,-0.065418279
18.81,2.135385275,0.001115568,-0.06545725
18.82,2.135439157,0.001151698,-0.065481877
18.83,2.13540864,0.001387043,-0.065435767
18.84,2.135333776,0.001009648,-0.065424804
18.85,2.135374308,0.000901682,-0.065474431
18.86,2.135411978,0.0011083,-0.065505436
18.87,2.135388613,0.001343325,-0.065473596
18.88,2.135308504,0.000947315,-0.065489543
18.89,2.135424376,0.001053158,-0.065513901
18.9,2.13543272,0.001359618,-0.06550781
18.91,2.135392427,0.001448713,-0.065487338
18.92,2.13538599,0.001197404,-0.065485487
18.93,2.135426283,0.001248968,-0.065534579
18.94,2.13544178,0.001507035,-0.065512218
18.95,2.135417938,0.001445347,-0.06547693
18.96,2.135307789,0.001169704,-0.065477235
18.97,2.135361433,0.001117854,-0.06553276
18.98,2.13538146,0.001425942,-0.065495543
18.99,2.135342836,0.001213865,-0.065501429
19,2.135353327,0.001034406,-0.065560497
19.01,2.135371208,0.001093049,-0.06559309
19.02,2.135403633,0.001338833,-0.065558325
19.03,2.135342836,0.001066764,-0.065563576
19.04,2.135387659,0.000993532,-0.065594556
19.05,2.135438204,0.001263305,-0.065584864
19.06,2.135425329,0.001397207,-0.065555111
19.07,2.135371923,0.001327522,-0.065493143
19.08,2.135431051,0.001126225,-0.06551505
19.09,2.135440588,0.001374606,-0.065466022
19.1,2.135359049,0.001407876,-0.065403597
19.11,2.135332584,0.001220843,-0.065384639
19.12,2.1353302,0.001117304,-0.065432574
19.13,2.135413647,0.001407587,-0.065380978
19.14,2.135361671,0.001304208,-0.065343959
19.15,2.135316133,0.001128075,-0.065375639
19.16,2.135383368,0.001144117,-0.065403497
19.17,2.135390997,0.001311492,-0.065413112
19.18,2.135384798,0.001168036,-0.065408366
19.19,2.135380983,0.001087899,-0.065447886
19.2,2.135408163,0.001252893,-0.065457403
19.21,2.135424614,0.001361841,-0.065416937
19.22,2.135356426,0.001323745,-0.065368178
19.23,2.135400772,0.001066129,-0.06542315
19.24,2.135424614,0.001245726,-0.065453538
19.25,2.135376692,0.001382989,-0.065414572
19.26,2.135331392,0.001317336,-0.065367383
19.27,2.135292053,0.00115064,-0.065385972
19.28,2.135399103,0.001361538,-0.065351233
19.29,2.135352612,0.001355493,-0.06532445
19.3,2.135290146,0.001214623,-0.065328632
19.31,2.13535428,0.001174534,-0.065361665
19.32,2.135398865,0.001255373,-0.065387596
19.33,2.135371923,0.001278384,-0.065338492
19.34,2.135359287,0.001114442,-0.065331229
19.35,2.135369539,0.00114906,-0.065373394
19.36,2.135406494,0.001403619,-0.065363487
19.37,2.135381699,0.001369027,-0.065322636
19.38,2.135342836,0.001073287,-0.0653635
19.39,2.135401249,0.001199608,-0.065394478
19.4,2.135388613,0.001391863,-0.065382853
19.41,2.135328293,0.001285709,-0.065361317
19.42,2.13531971,0.001083526,-0.065373274
19.43,2.13539958,0.001365608,-0.065353663
19.44,2.135360003,0.001406783,-0.065311207
19.45,2.135333061,0.001295228,-0.06527028
19.46,2.135328293,0.001210778,-0.065282337
19.47,2.135370016,0.001284061,-0.065287731
19.48,2.135347366,0.001327893,-0.065248925
19.49,2.135321856,0.001214162,-0.065218653
19.5,2.135349512,0.00121061,-0.065225089
19.51,2.135355711,0.001299258,-0.065213208
19.52,2.135347605,0.001339307,-0.06516766
19.53,2.135310411,0.001152009,-0.065192793
19.54,2.135347128,0.001187265,-0.065199576
19.55,2.135391474,0.001332187,-0.065188014
19.56,2.135357141,0.001372195,-0.065184724
19.57,2.135310411,0.00129081,-0.065202874
19.58,2.135365248,0.001272627,-0.065181928
19.59,2.135369778,0.001374166,-0.065162118
19.6,2.135356426,0.001293987,-0.065154715
19.61,2.135308504,0.001196896,-0.065171581
19.62,2.1353302,0.001220913,-0.065197251
19.63,2.135355234,0.001345904,-0.065184949
19.64,2.135311365,0.001245317,-0.065188235
19.65,2.135345697,0.001224416,-0.06520752
19.66,2.135339022,0.001264181,-0.065206843
19.67,2.13534236,0.001317364,-0.065190808
19.68,2.135312796,0.001219111,-0.065210043
19.69,2.135329247,0.001225686,-0.065224839
19.7,2.135380268,0.001306789,-0.065218525
19.71,2.135362864,0.001351951,-0.065204109
19.72,2.135309696,0.001301185,-0.065183842
19.73,2.135365486,0.001259136,-0.065186849
19.74,2.135368586,0.001334811,-0.065183056
19.75,2.135338068,0.00134046,-0.065176539
19.76,2.135315418,0.001245515,-0.065202234
19.77,2.135316849,0.001171581,-0.06522564
19.78,2.135398149,0.001358831,-0.065208026
19.79,2.135364294,0.001276374,-0.065209274
19.8,2.135295391,0.001201636,-0.065229794
19.81,2.135330915,0.001261586,-0.065234872
19.82,2.135377169,0.001372403,-0.065227073
19.83,2.135309219,0.001182192,-0.06523306
19.84,2.135352612,0.001206057,-0.065237915
19.85,2.135347366,0.001318439,-0.065239789
19.86,2.135351181,0.001406202,-0.065211135
19.87,2.135338306,0.001321631,-0.06517932
19.88,2.135352373,0.001138997,-0.065198352
