time,x,y,theta
0.01,0.00340505177155137,0.0344600640237331,NaN
0.02,0.00337304174900055,0.0344118252396584,NaN
0.03,0.00333399302326143,0.034431129693985,NaN
0.04,0.00334895309060812,0.0344722718000412,NaN
0.05,0.00335678504779935,0.0344593077898026,NaN
0.06,0.00333088124170899,0.0344043895602226,NaN
0.07,0.00338071421720088,0.0344438105821609,NaN
0.08,0.00340400682762265,0.0344505235552788,NaN
0.09,0.00339904730208218,0.0344248302280903,NaN
0.1,0.00333582260645926,0.0344092175364494,-0.0135025985415639
0.11,0.00338348909281194,0.0344253778457642,-0.0134840979102822
0.12,0.00340141169726849,0.034423828125,-0.0134775292333819
0.13,0.00335869938135147,0.0344189070165157,-0.013493460761669
0.14,0.00333241443149745,0.0344213657081127,-0.0134993088663619
0.15,0.00336127146147192,0.0344523228704929,-0.0134872457338203
0.16,0.00336467893794179,0.0344400107860565,-0.013488553393784
0.17,0.00335372262634337,0.0344348773360252,-0.0134964855001197
0.18,0.00339487218298018,0.0344551019370556,-0.0134863116364107
0.19,0.00336474133655429,0.0344745330512524,-0.0134643128920319
0.2,0.00329848332330585,0.0344652235507965,-0.0134403037626417
0.21,0.00341109116561711,0.0344237796962261,-0.0134583515932727
0.22,0.00343692419119179,0.034465916454792,-0.0134570612581308
0.23,0.00331877241842449,0.0344759076833725,-0.0134475066690468
0.24,0.00334039027802646,0.0344347506761551,-0.0134418719871885
0.25,0.00336021045222878,0.0343772768974304,-0.0134515561189713
0.26,0.00334864459000528,0.0344772450625896,-0.0134457748471697
0.27,0.00334401871077716,0.0345158837735653,-0.0134300710458558
0.28,0.0033768794964999,0.0344354696571827,-0.0134322051355209
0.29,0.0033811847679317,0.0344814322888851,-0.0134424748818896
0.3,0.00338961603119969,0.034420158714056,-0.0134567231718975
0.31,0.00340419914573431,0.034413643181324,-0.0134548186868676
0.32,0.00332603533752263,0.0344484150409698,-0.0134671821107753
0.33,0.00334589905105531,0.0344786234200001,-0.0134691297085728
0.34,0.00335164903663099,0.0344635024666786,-0.0134766508541785
0.35,0.0033748378045857,0.0344251282513142,-0.0134802794268109
0.36,0.0033896928653121,0.034430768340826,-0.013501008704917
0.37,0.00336001277901232,0.034454483538866,-0.0135156083743506
0.38,0.00337404827587306,0.0344626903533936,-0.0135177121375031
0.39,0.00329989776946604,0.0344312861561775,-0.0135166496388477
0.4,0.00337440869770944,0.0344273820519447,-0.0135113645757037
0.41,0.00340201100334525,0.0344428867101669,-0.0135074055614612
0.42,0.00333068869076669,0.0344398282468319,-0.0135083925985517
0.43,0.00332425511442125,0.0344372950494289,-0.0135078069689717
0.44,0.00339617603458464,0.0344538949429989,-0.0134956827294435
0.45,0.00338706886395812,0.0344269573688507,-0.0134690568851208
0.46,0.00337945995852351,0.0344305485486984,-0.0134539127698551
0.47,0.00333347381092608,0.0344210229814053,-0.0134562523300038
0.48,0.00340622174553573,0.0344429984688759,-0.0134482943197182
0.49,0.00335888518020511,0.0344447828829288,-0.0134408786992589
0.5,0.0033325485419482,0.0344406291842461,-0.0134396082075582
0.51,0.00342842168174684,0.0344676710665226,-0.0134534498200943
0.52,0.00340071250684559,0.0344478376209736,-0.0134577026938436
0.53,0.00332886283285916,0.0344227701425552,-0.013455230356108
0.54,0.00332627515308559,0.0344197228550911,-0.0134586581656517
0.55,0.00336245237849653,0.0344211347401142,-0.0134756002645529
0.56,0.00336437043733895,0.0344495065510273,-0.0134891043994551
0.57,0.00329685700125992,0.0344830676913261,-0.0134904179390247
0.58,0.00332899135537446,0.0344561561942101,-0.0134998586653044
0.59,0.00342812342569232,0.0344135574996471,-0.0135125238858018
0.6,0.00339008518494666,0.0344261489808559,-0.0135113662184813
0.61,0.00334196607582271,0.0344759561121464,-0.0135109810490707
0.62,0.00338521460071206,0.0344262458384037,-0.0135113043813626
0.63,0.00343039259314537,0.0344100408256054,-0.0135178223748406
0.64,0.00334670441225171,0.0344228111207485,-0.0135251183630896
0.65,0.00333477579988539,0.0344366207718849,-0.0135166839959675
0.66,0.0034138890914619,0.0344285219907761,-0.0135107538974685
0.67,0.00340586248785257,0.0344033688306808,-0.0135109604375205
0.68,0.00333416555076838,0.0344291217625141,-0.0135120474430801
0.69,0.00331674888730049,0.0344727523624897,-0.013500551671044
0.7,0.00332844350486994,0.0344531163573265,-0.0135085576153045
0.71,0.003407530952245,0.0344470515847206,-0.0135055509571255
0.72,0.00335109536536038,0.0344642996788025,-0.0134905963312614
0.73,0.00329239992424846,0.0344499498605728,-0.0134865975543266
0.74,0.00337318610399961,0.0344141870737076,-0.0134865962055624
0.75,0.0034268933814019,0.0344132520258427,-0.0134981741886057
0.76,0.00332792545668781,0.034462321549654,-0.0134924945800826
0.77,0.00332871521823108,0.0344329588115215,-0.0134958389374264
0.78,0.00341273518279195,0.0344007834792137,-0.0135102756460911
0.79,0.00337633537128568,0.0344077423214912,-0.0135241818600885
0.8,0.00335392123088241,0.0344665683805943,-0.0135083194277564
0.81,0.00339067168533802,0.0344308167695999,-0.0135061589389639
0.82,0.00340152415446937,0.0343976803123951,-0.0135231420923515
0.83,0.0033578488510102,0.0344402156770229,-0.0135229160088765
0.84,0.00329585652798414,0.0344809517264366,-0.0135183946109775
0.85,0.0033361695241183,0.0344696193933487,-0.0135230187066863
0.86,0.00339204212650657,0.0344050526618958,-0.0135289660230966
0.87,0.00330795836634934,0.0344413332641125,-0.0135142658389593
0.88,0.00325936102308333,0.0344432927668095,-0.0134984045457154
0.89,0.0033774352632463,0.0344247333705425,-0.0134866551881076
0.9,0.00343167036771774,0.0344293899834156,-0.0135002134240541
0.91,0.00328794796951115,0.034443311393261,-0.01349822246327
0.92,0.00333060533739626,0.0344453677535057,-0.0134829331559674
0.93,0.00343094137497246,0.0344696827232838,-0.0134853128646805
0.94,0.00339100556448102,0.0344570800662041,-0.0134887947822829
0.95,0.00332857039757073,0.0344291925430298,-0.0134880087039084
0.96,0.00342004047706723,0.0344959534704685,-0.0134805273796439
0.97,0.00340886204503477,0.0344827100634575,-0.0134848834939716
0.98,0.00333079905249178,0.0344161987304688,-0.0134794187333953
0.99,0.00327698979526758,0.0343817733228207,-0.0134692758369921
1,0.00335439387708902,0.0344370603561401,-0.0134650943211239
1.01,0.00339054642245173,0.0344564355909824,-0.0134853574818384
1.02,0.00327854906208813,0.0343845523893833,-0.0134890317280509
1.03,0.00331395980902016,0.0343962274491787,-0.0134841796963573
1.04,0.00341606861911714,0.0344297774136066,-0.013476907387875
1.05,0.00341019337065518,0.034436073154211,-0.013471834894934
1.06,0.0033256602473557,0.0344286449253559,-0.0134741442193982
1.07,0.00337457563728094,0.0344313196837902,-0.0134709132044608
1.08,0.00340655189938843,0.0344373658299446,-0.0134822584175916
1.09,0.00337093370035291,0.034442126750946,-0.0134976808989351
1.1,0.00333362142555416,0.0344664677977562,-0.013502042138773
1.11,0.0033822781406343,0.0344536080956459,-0.0134834058831229
1.12,0.0033840611577034,0.0344064198434353,-0.0134872063765362
1.13,0.00334131019189954,0.0344142839312553,-0.013480209076961
1.14,0.00334119005128741,0.0344566702842712,-0.0134708053287174
1.15,0.00336125423200428,0.0344921462237835,-0.0134594862268936
1.16,0.00339909782633185,0.0343812070786953,-0.0134733118264219
1.17,0.00335455918684602,0.0343744084239006,-0.0134863870983541
1.18,0.00332725769840181,0.0344635173678398,-0.0134765000312945
1.19,0.00332573195919394,0.0344757474958897,-0.0134733138975579
1.2,0.00341501762159169,0.0344316698610783,-0.013469322925167
1.21,0.00334176886826754,0.0344090163707733,-0.0134488122757825
1.22,0.00329922023229301,0.0344996117055416,-0.0134364022447103
1.23,0.00336853647604585,0.0344502404332161,-0.0134483772106362
1.24,0.00342597300186753,0.034369133412838,-0.0134731758524419
1.25,0.0033916134852916,0.0343896597623825,-0.0134761593753754
1.26,0.00333133107051253,0.0344723425805569,-0.0134701942636065
1.27,0.00339993042871356,0.0344265997409821,-0.0134708143004042
1.28,0.00338447815738618,0.0343716330826283,-0.0134864624235507
1.29,0.00335241016000509,0.0344033651053905,-0.0134949142031932
1.3,0.00332851568236947,0.0344745591282845,-0.0134998724600598
1.31,0.00338669493794441,0.0344165377318859,-0.0135194061306132
1.32,0.00336794694885612,0.0343987420201302,-0.0135225646785931
1.33,0.00333693716675043,0.0344297215342522,-0.0135094729472809
1.34,0.00337350717745721,0.0344926565885544,-0.0135140708662131
1.35,0.00337486178614199,0.0344742313027382,-0.0135301935769714
1.36,0.00333430082537234,0.0344035737216473,-0.0135062869097344
1.37,0.00331619055941701,0.034395094960928,-0.0134925186755382
1.38,0.00337360752746463,0.034458551555872,-0.0134834020628655
1.39,0.00340644782409072,0.0344619527459145,-0.0134873795824461
1.4,0.00338428746908903,0.0344059988856316,-0.0134842446958229
1.41,0.00331188016571105,0.0343928448855877,-0.0134730798960438
1.42,0.00336845545098186,0.0344157889485359,-0.0134764746618428
1.43,0.00339047214947641,0.0344246625900269,-0.013485827977729
1.44,0.00341852009296417,0.0344477519392967,-0.0134609970048684
1.45,0.00332888006232679,0.0344374626874924,-0.0134457299199077
1.46,0.00338343065232038,0.034449502825737,-0.0134713701768128
1.47,0.00340044009499252,0.0344505719840527,-0.0134835470208609
1.48,0.00333336554467678,0.0344350188970566,-0.0134789414959086
1.49,0.00332081806845963,0.0344612374901772,-0.0134669078947793
1.5,0.00341175519861281,0.0344375893473625,-0.013465838240495
1.51,0.00336264166980982,0.0344370640814304,-0.0134713565924613
1.52,0.00329604535363615,0.0344530753791332,-0.0134626861712496
1.53,0.00335742929019034,0.0344406105577946,-0.0134612812351186
1.54,0.00343336071819067,0.0344045646488667,-0.0134834844442158
1.55,0.00340662733651698,0.0343818739056587,-0.0134988013351376
1.56,0.00329981301911175,0.0345008224248886,-0.0134848284883515
1.57,0.00337166176177561,0.0344384051859379,-0.0134821588505116
1.58,0.0033908870536834,0.0343944281339645,-0.0134998324983114
1.59,0.00339342444203794,0.0344385057687759,-0.0135149819553214
1.6,0.00333348195999861,0.0345209464430809,-0.0135148713215272
1.61,0.00336118368431926,0.0344474650919437,-0.0135217018503359
1.62,0.00339684402570128,0.0343824028968811,-0.0135443655008337
1.63,0.00339139485731721,0.0344329103827477,-0.0135477184312823
1.64,0.00334335304796696,0.0345207341015339,-0.0135357720389885
1.65,0.00333399511873722,0.0345209315419197,-0.0135160962313717
1.66,0.00340984901413321,0.0343991108238697,-0.0135299019895802
1.67,0.00332537642680109,0.0344250798225403,-0.013525214019187
1.68,0.00332742789760232,0.0344563908874989,-0.0135026898608533
1.69,0.00336176273413002,0.0344771035015583,-0.0135012199275056
1.7,0.00340327806770802,0.0344462618231773,-0.0135096309425829
1.71,0.00333331408910453,0.0344216153025627,-0.0135025026431535
1.72,0.00334860198199749,0.0344435796141624,-0.0134863556254337
1.73,0.0033657681196928,0.0344483479857445,-0.0134812155304489
1.74,0.00341152469627559,0.0344698578119278,-0.0134796862535803
1.75,0.00334118492901325,0.0344765707850456,-0.0134720511326835
1.76,0.00332358852028847,0.034457303583622,-0.0134623339568547
1.77,0.00338522647507489,0.0344447307288647,-0.0134692826277525
1.78,0.00337480404414237,0.0344430319964886,-0.0134767625798204
1.79,0.00335175450891256,0.0344527773559093,-0.0134640532083695
1.8,0.00335615710355341,0.0344712100923061,-0.013462611440412
1.81,0.00337651511654258,0.0344663374125957,-0.0134682300927368
1.82,0.0033593971747905,0.0344456024467945,-0.0134757066841926
1.83,0.00335843465290964,0.0344505831599236,-0.0134796054791171
1.84,0.00334614771418273,0.0344591401517391,-0.0134807063460148
1.85,0.00338020198978484,0.0344799607992172,-0.0135030415243001
1.86,0.00331069715321064,0.0344372466206551,-0.0135120845018942
1.87,0.00330626731738448,0.034437570720911,-0.0135036407707068
1.88,0.00335188722237945,0.034460075199604,-0.0135065008675552
1.89,0.00341146206483245,0.0344569869339466,-0.0135123226476145
1.9,0.00335817015729845,0.03442158177495,-0.0135131314841337
1.91,0.00330769876018167,0.0344101600348949,-0.0135070807923408
1.92,0.00339709920808673,0.0344424657523632,-0.0134966090461442
1.93,0.00343857775442302,0.0344515703618526,-0.013500661624384
1.94,0.00336176785640419,0.0344323478639126,-0.0134980487975701
1.95,0.00330663099884987,0.0344335548579693,-0.013489373094825
1.96,0.00343451299704611,0.0344416983425617,-0.0134848721874147
1.97,0.00336655718274415,0.0344184003770351,-0.0134857950393014
1.98,0.00331280590035021,0.0344551168382168,-0.013475931976168
1.99,0.00328411487862468,0.0344818644225597,-0.0134742947382344
2,0.00341110350564122,0.0344682782888412,-0.0134685282183346
2.01,0.00332591077312827,0.034415427595377,-0.0134687453009051
2.02,0.00330245308578014,0.0344475023448467,-0.0134767448826226
2.03,0.00337976962327957,0.0344617515802383,-0.0134753992056043
2.04,0.00345363118685782,0.0344556383788586,-0.013484855070788
2.05,0.00337103195488453,0.0344386175274849,-0.0134869946878942
2.06,0.00332273310050368,0.0344249941408634,-0.0134812949543964
2.07,0.00341336289420724,0.0344191640615463,-0.0134808664099805
2.08,0.00340900756418705,0.0344315990805626,-0.0134868717267356
2.09,0.00333856302313507,0.0344601050019264,-0.0134894309370392
2.1,0.00331763341091573,0.0344770178198814,-0.0135033375844122
2.11,0.00341902393847704,0.034447368234396,-0.0135149302224244
2.12,0.00335589121095836,0.0344192534685135,-0.0135098108449168
2.13,0.00333897001110017,0.034442350268364,-0.0134947260999875
2.14,0.00336742214858532,0.0344771556556225,-0.0134823350929665
2.15,0.00340666412375867,0.034455269575119,-0.0134796193731916
2.16,0.00332296243868768,0.0344051532447338,-0.0134788744450588
2.17,0.00336243049241602,0.0344618260860443,-0.0134722201975573
2.18,0.00340350670740008,0.0344884358346462,-0.0134698109100705
2.19,0.00338359572924674,0.0344563610851765,-0.0134717753917133
2.2,0.00333108589984477,0.0344073176383972,-0.013469066717787
2.21,0.00336931785568595,0.0345012731850147,-0.0134496392998978
2.22,0.00337873538956046,0.0345188453793526,-0.0134454266908106
2.23,0.00337625201791525,0.0344673432409763,-0.01346432588786
2.24,0.00337663665413857,0.0344228595495224,-0.0134732266868704
2.25,0.00336923589929938,0.0344295799732208,-0.0134796071567232
2.26,0.00337211927399039,0.034458614885807,-0.0134834068488049
2.27,0.00335519202053547,0.0344203263521194,-0.0135045171151489
2.28,0.00340150017291307,0.0344040431082249,-0.0135171211141535
2.29,0.0033842227421701,0.0344149880111217,-0.0135065796190417
2.3,0.00335211795754731,0.0344384089112282,-0.0134888628018122
2.31,0.00338871916756034,0.034397304058075,-0.013490340932854
2.32,0.00338463857769966,0.0344160124659538,-0.0134894788757626
2.33,0.00336778536438942,0.0344561748206615,-0.0134877973642064
2.34,0.00333659164607525,0.034495435655117,-0.0134903954234944
2.35,0.00335397990420461,0.0344831943511963,-0.0134877812716361
2.36,0.00335736805573106,0.0344472229480743,-0.0134793912908865
2.37,0.00335525232367218,0.0344528630375862,-0.0134669364428365
2.38,0.00334254046902061,0.034481018781662,-0.0134768334926863
2.39,0.00341062853112817,0.0345232635736465,-0.0134891688502175
2.4,0.00336393434554338,0.0344959795475006,-0.013491695282711
2.41,0.00337333837524056,0.0343928933143616,-0.0134947376406946
2.42,0.00339798838831484,0.0344078838825226,-0.0135038249793835
2.43,0.00338456546887755,0.0344703383743763,-0.0135030361295028
2.44,0.00333416415378451,0.0344781912863255,-0.013500431749914
2.45,0.0033462573774159,0.0344535186886787,-0.013496594375589
2.46,0.00338597502559423,0.0344346165657043,-0.0135097358984924
2.47,0.00334010226652026,0.0345024727284908,-0.0135101279770081
2.48,0.00335147324949503,0.0345232747495174,-0.0134896025715088
2.49,0.00335626909509301,0.0344620682299137,-0.0134886772513719
2.5,0.00335324509069324,0.0344152040779591,-0.0135011577703803
2.51,0.00334430811926723,0.0344941392540932,-0.0134903885752291
2.52,0.00337236491031945,0.0345131084322929,-0.0134810048036705
2.53,0.00336783798411489,0.0344652533531189,-0.013482873853427
2.54,0.00337322754785419,0.0344246104359627,-0.0134890482515943
2.55,0.0033455309458077,0.0344217866659164,-0.0134960157935271
2.56,0.00335714407265186,0.034464031457901,-0.0134790072405779
2.57,0.00338850263506174,0.0344137437641621,-0.0134698839548797
2.58,0.00338066555559635,0.0344056114554405,-0.0134704827380897
2.59,0.00339167448692024,0.0344469361007214,-0.0134595151615412
2.6,0.00331639382056892,0.034472044557333,-0.0134538870264927
2.61,0.00338513194583356,0.0344323702156544,-0.0134804869822181
2.62,0.00341218104586005,0.0344327390193939,-0.0134825190215309
2.63,0.00338261225260794,0.0344841666519642,-0.0134665986601732
2.64,0.00328485434874892,0.0344935283064842,-0.0134463930521696
2.65,0.0033572786487639,0.0344417318701744,-0.0134430484257043
2.66,0.00343451322987676,0.0344250984489918,-0.0134413712729013
2.67,0.00332942022942007,0.0344459153711796,-0.0134347660463963
2.68,0.00332564883865416,0.0344654023647308,-0.0134492232950378
2.69,0.00337933585979044,0.0344507284462452,-0.0134666389345139
2.7,0.00341378292068839,0.0344410352408886,-0.0134754185872058
2.71,0.00330023188143969,0.0344291403889656,-0.0134492093042097
2.72,0.00339232408441603,0.0344759672880173,-0.0134447857601026
2.73,0.00340692838653922,0.0344878695905209,-0.0134502930264404
2.74,0.00340251089073718,0.0344644039869308,-0.0134632033393253
2.75,0.00331359729170799,0.0344282276928425,-0.0134642022626813
2.76,0.00337685504928231,0.0344379916787148,-0.0134699902370619
2.77,0.00340619264170527,0.0344918482005596,-0.0134883574663264
2.78,0.00337813748046756,0.0344807840883732,-0.0134698604773113
2.79,0.00330585543997586,0.0344226360321045,-0.0134470252695321
2.8,0.00333861238323152,0.0344106778502464,-0.0134280443491464
2.81,0.00340981711633503,0.034460574388504,-0.0134451617069294
2.82,0.00337600847706199,0.0344657972455025,-0.0134474452686748
2.83,0.0033161707688123,0.0344178080558777,-0.0134605860428097
2.84,0.00333270314149559,0.034391812980175,-0.0134588441228233
2.85,0.0034123188816011,0.0344323702156544,-0.0134534913455239
2.86,0.00332140410318971,0.0344751179218292,-0.0134471037172545
2.87,0.00335180899128318,0.0344553515315056,-0.0134503121152105
2.88,0.00340519170276821,0.034422155469656,-0.0134679766812719
2.89,0.00340607110410929,0.0344317331910133,-0.0134795653048029
2.9,0.00333606544882059,0.0344962030649185,-0.013474990830819
2.91,0.00334551092237234,0.034435898065567,-0.0134783518843286
2.92,0.00344434403814375,0.0344228148460388,-0.0134858117861636
2.93,0.00339366146363318,0.0344317071139812,-0.0134796618883491
2.94,0.00329680228605866,0.0344567187130451,-0.0134779741560743
2.95,0.00329552195034921,0.0344639755785465,-0.0134817244301944
2.96,0.00345615250989795,0.0344163998961449,-0.013500560164369
2.97,0.0033756063785404,0.0344631783664227,-0.0134947214159974
2.98,0.00329228467307985,0.0344771966338158,-0.0134856806500197
2.99,0.00331213674508035,0.0344506911933422,-0.0134924497141187
3,0.00342196715064347,0.0344397760927677,-0.0135071258794834
3.01,0.00333149265497923,0.0344478562474251,-0.0135006300990373
3.02,0.00331847206689417,0.0344608388841152,-0.0135047071343439
3.03,0.00336183211766183,0.0344350896775723,-0.0135132285772119
3.04,0.00341639039106667,0.0344262197613716,-0.0135331530170355
3.05,0.00337932049296796,0.0344397164881229,-0.0135448581848231
3.06,0.00333894719369709,0.0344518423080444,-0.0135483946976989
3.07,0.00343573349528015,0.0344661995768547,-0.0135528610069862
3.08,0.00338790961541235,0.0344633869826794,-0.0135505741588786
3.09,0.00331493257544935,0.034442875534296,-0.0135377141593898
3.1,0.00330976117402315,0.0344218350946903,-0.0135431688227762
3.11,0.00344142550602555,0.0344813466072083,-0.013555147570739
3.12,0.00335377966985106,0.0345036648213863,-0.0135536707400138
3.13,0.00329596502706409,0.0344607718288898,-0.0135459985668373
3.14,0.00334422755986452,0.0344286076724529,-0.0135291849111521
3.15,0.00341927539557219,0.034432627260685,-0.013524787040175
3.16,0.0033357369247824,0.0344832018017769,-0.0135143669949556
3.17,0.00334240612573922,0.0344883985817432,-0.0135093178963152
3.18,0.00338826375082135,0.0344278998672962,-0.0135236207315759
3.19,0.00340464035980403,0.0344374589622021,-0.0135345032762279
3.2,0.0033437367528677,0.0344372652471066,-0.0135288708322794
3.21,0.00337946135550737,0.0344538949429989,-0.0135179825589042
3.22,0.00340128806419671,0.0344256572425365,-0.0135173900452621
3.23,0.00336376647464931,0.0344089008867741,-0.0135132576702956
3.24,0.00335512799210846,0.0344320051372051,-0.0135013703300491
3.25,0.00335040758363903,0.0344558544456959,-0.0134749544824307
3.26,0.00341663137078285,0.0344324894249439,-0.0134834692999092
3.27,0.00335654732771218,0.034409299492836,-0.013489385501187
3.28,0.00334662548266351,0.0344577804207802,-0.0134728473300712
3.29,0.00333170406520367,0.0344879403710365,-0.0134628638840561
3.3,0.0033917254768312,0.0344503596425056,-0.0134596691266848
3.31,0.0033900982234627,0.0344388037919998,-0.0134562688227742
3.32,0.00332164694555104,0.0344812460243702,-0.0134488603916858
3.33,0.00330469105392694,0.0344837717711926,-0.0134567280822507
3.34,0.00337932794354856,0.0344325751066208,-0.0134798380744536
3.35,0.0034204360563308,0.0344229601323605,-0.0135067948208095
3.36,0.0032841102220118,0.0344924554228783,-0.0135196525288965
3.37,0.00335854850709438,0.0344444178044796,-0.0135151545091507
3.38,0.00340853747911751,0.0344190858304501,-0.0135204637919959
3.39,0.00339639303274453,0.0344420894980431,-0.0135269611479356
3.4,0.00329276919364929,0.034448716789484,-0.0135221932321714
3.41,0.00342364888638258,0.0344399996101856,-0.0135290939528256
3.42,0.00342904403805733,0.034451499581337,-0.0135402871704966
3.43,0.00333065399900079,0.0344447232782841,-0.0135388723321916
3.44,0.00327542796730995,0.0344187319278717,-0.0135224730793845
3.45,0.00335951917804778,0.0344230569899082,-0.013518649648809
3.46,0.00341220968402922,0.0345061384141445,-0.0135011163901086
3.47,0.00328520289622247,0.0344768576323986,-0.0134955191529244
3.48,0.00329728750512004,0.0344611704349518,-0.0134973892891858
3.49,0.00339703727513552,0.0344566106796265,-0.0135016104437504
3.5,0.00343674141913652,0.0344626046717167,-0.013509322622158
3.51,0.00332041247747838,0.0344756953418255,-0.0134864030290582
3.52,0.00335861602798104,0.0344188362360001,-0.0134916420357104
3.53,0.00341417267918587,0.0344119109213352,-0.0135073064600991
3.54,0.00339675648137927,0.0344337485730648,-0.0135232665048751
3.55,0.00334306969307363,0.0344625413417816,-0.0135120107091
3.56,0.00337082566693425,0.0343958735466003,-0.0135165576262034
3.57,0.00340088550001383,0.034378744661808,-0.013526207478778
3.58,0.00335707003250718,0.0344364978373051,-0.0135105865132187
3.59,0.00331283104605973,0.0344674773514271,-0.0134883116545984
3.6,0.00335171190090477,0.0344487801194191,-0.0134740315216163
3.61,0.00340621592476964,0.03441521525383,-0.0135150687728237
3.62,0.00335114309564233,0.0344562567770481,-0.0135038207041851
3.63,0.00329793035052717,0.0344834290444851,-0.0134767616243908
3.64,0.00334469508379698,0.0344471521675587,-0.0134706328658235
3.65,0.00343488086946309,0.0344213321805,-0.0134825947857411
3.66,0.00332090491428971,0.0344560742378235,-0.0134820665708366
3.67,0.0032979182433337,0.0344644375145435,-0.0134696850117086
3.68,0.00336644542403519,0.0344387553632259,-0.0134849835682995
3.69,0.0034316424280405,0.03440772742033,-0.0134984831018031
3.7,0.00338426372036338,0.03442158177495,-0.0134987357760275
3.71,0.00332493172027171,0.0344287045300007,-0.0134781908994451
3.72,0.00341577734798193,0.0344074778258801,-0.0134823446275734
3.73,0.00340880523435771,0.0344274193048477,-0.0134838541441266
3.74,0.00331336911767721,0.0344296023249626,-0.0134717374745985
3.75,0.00330429966561496,0.0344336740672588,-0.0134631336139471
3.76,0.00342623051255941,0.0344340093433857,-0.0134722759262998
3.77,0.00335274217650294,0.0344258025288582,-0.0134867975875436
3.78,0.00328894914127886,0.0344093069434166,-0.0134799087263486
3.79,0.00334955519065261,0.034405492246151,-0.0134811771022174
3.8,0.00343105383217335,0.0344339869916439,-0.0135010930738257
3.81,0.00331099960021675,0.0344343930482864,-0.0135055789511681
3.82,0.0032905712723732,0.0344157740473747,-0.0134938382618277
3.83,0.00338321761228144,0.0343981608748436,-0.0135104930719928
3.84,0.00343260867521167,0.0344350449740887,-0.0135294940310581
3.85,0.00338700413703918,0.0344731584191322,-0.0135400467060024
3.86,0.00333106657490134,0.0344296991825104,-0.0135246926739298
3.87,0.00339610828086734,0.0344498157501221,-0.0135253775185767
3.88,0.00339211663231254,0.0344870649278164,-0.0135226613389078
3.89,0.00332574918866158,0.0344849079847336,-0.0135104150191014
3.9,0.00332981953397393,0.0344557277858257,-0.013492624075299
3.91,0.00342752668075264,0.034415315836668,-0.013486115739458
3.92,0.00336501002311707,0.0344322808086872,-0.0134833306488845
3.93,0.00331278727389872,0.0344303287565708,-0.0134612841916082
3.94,0.00332898693159223,0.0344124771654606,-0.0134402532133165
3.95,0.00342875672504306,0.0344253554940224,-0.0134379749996415
3.96,0.00333845498971641,0.0343880616128445,-0.0134275479491505
3.97,0.00328672304749489,0.0344072282314301,-0.0134075674621901
3.98,0.0033160715829581,0.0344564877450466,-0.0133967679497991
3.99,0.00343231437727809,0.0344784185290337,-0.0134108636016844
4,0.00340783828869462,0.0344477705657482,-0.0134384503747969
4.01,0.00327123887836933,0.0344674363732338,-0.0134440760175284
4.02,0.00336776999756694,0.0344910323619843,-0.0134619170669488
4.03,0.00342173199169338,0.0344619899988174,-0.0134818547486133
4.04,0.00339364935643971,0.0344198420643806,-0.0134957011550124
4.05,0.00331237958744168,0.0344260111451149,-0.013492634778052
4.06,0.00343070225790143,0.0344731658697128,-0.0135017235484549
4.07,0.00340385502204299,0.0344295799732208,-0.013497775786008
4.08,0.00330609665252268,0.0343740954995155,-0.0135011786372242
4.09,0.00328226643614471,0.0344046913087368,-0.0135061180481009
4.1,0.00340491672977805,0.0344748608767986,-0.0134902510455165
4.11,0.00334938289597631,0.0344332903623581,-0.0134939340975793
4.12,0.00326452241279185,0.0343805924057961,-0.0134769360763177
4.13,0.00335173634812236,0.0344275943934917,-0.0134549924288829
4.14,0.00347079453058541,0.034508965909481,-0.0134423048837139
4.15,0.00339929456822574,0.0345052219927311,-0.0134514037813701
4.16,0.00332248699851334,0.0344277322292328,-0.0134543795970585
4.17,0.00343056255951524,0.0344715267419815,-0.013476555363619
4.18,0.0033981476444751,0.0344723165035248,-0.0134970123572075
4.19,0.00334284640848637,0.0344553403556347,-0.0134989176648785
4.2,0.0033198781311512,0.0344312824308872,-0.0134988553476111
4.21,0.00341511820442975,0.0344573967158794,-0.0134829791018324
4.22,0.00334489089436829,0.0344547815620899,-0.0134887513304578
4.23,0.00330264447256923,0.0344353318214417,-0.0134945272654982
4.24,0.0033770021982491,0.0344760827720165,-0.0134968792924656
4.25,0.00342167378403246,0.0344778895378113,-0.0134977288517216
4.26,0.00332789332605898,0.0344389490783215,-0.013506377797661
4.27,0.00332062621600926,0.0344417132437229,-0.0134987113688413
4.28,0.00336504890583456,0.0344473421573639,-0.0134812681424892
4.29,0.003413375467062,0.0344602167606354,-0.0134637704924522
4.3,0.00341499480418861,0.0344199053943157,-0.0134719485540037
4.31,0.0033105630427599,0.0344799645245075,-0.0134734989247543
4.32,0.00334520568139851,0.0344737097620964,-0.0134796265990042
4.33,0.00341346440836787,0.0344178415834904,-0.0134827628157505
4.34,0.00341180246323347,0.0343963801860809,-0.0134877198388709
4.35,0.00335075636394322,0.0344253927469254,-0.0134757674801528
4.36,0.00339294644072652,0.0344822742044926,-0.0134745532993975
4.37,0.00341566861607134,0.0344300903379917,-0.0134840053951702
4.38,0.00336122722364962,0.0343961231410503,-0.0134966789794467
4.39,0.00330719351768494,0.034463182091713,-0.0135179058375463
4.4,0.00335264066234231,0.034500814974308,-0.0135289030164224
4.41,0.00338194286450744,0.0344043076038361,-0.0135436037858866
4.42,0.00333472900092602,0.0343987531960011,-0.0135340719095459
4.43,0.00334737100638449,0.0344649143517017,-0.0135269483244644
4.44,0.00341610470786691,0.0345159657299519,-0.0135313594352066
4.45,0.00338075659237802,0.0344742722809315,-0.0135429631116413
4.46,0.00331250275485218,0.0344239696860313,-0.0135365705260861
4.47,0.00339000229723752,0.0344552993774414,-0.0135137671745403
4.48,0.00338229583576322,0.0344346836209297,-0.013511091000889
4.49,0.00335209583863616,0.0343855693936348,-0.0134957446807505
4.5,0.00337238633073866,0.0344205461442471,-0.0134652704381972
4.51,0.00334990932606161,0.0344482362270355,-0.0134559155677021
4.52,0.00334000191651285,0.0343903042376041,-0.013471241632005
4.53,0.00339738908223808,0.0344306230545044,-0.0134826841986424
4.54,0.00338652124628425,0.0344804376363754,-0.0134812679867579
4.55,0.00339460838586092,0.0344902724027634,-0.0134616708764751
4.56,0.0033604537602514,0.0343784131109715,-0.0134595148721531
4.57,0.00339201395399868,0.0344500169157982,-0.0134659148010786
4.58,0.00340894144028425,0.0345213264226913,-0.013454784098336
4.59,0.00333377276547253,0.0344735309481621,-0.0134476351209951
4.6,0.0033323704265058,0.0343867354094982,-0.0134659662831046
4.61,0.00336121837608516,0.0344706363976002,-0.0134618481000174
4.62,0.0033272251021117,0.0344856381416321,-0.0134484919030713
4.63,0.00334354653023183,0.034420870244503,-0.0134589375613352
4.64,0.00340754701755941,0.0343817919492722,-0.0134641862162689
4.65,0.00339490990154445,0.0344117656350136,-0.0134758368350184
4.66,0.00329922162927687,0.0344445556402206,-0.0134719138270299
4.67,0.00337654980830848,0.034360870718956,-0.0134927609691675
4.68,0.00344635080546141,0.0343531519174576,-0.0135114242875046
4.69,0.00340853608213365,0.0344297774136066,-0.0135175465122421
4.7,0.00333547196350992,0.0345059707760811,-0.0135030245401965
4.71,0.00339050893671811,0.0343735404312611,-0.0135197571711496
4.72,0.00341111538000405,0.0344013534486294,-0.0135286846941309
4.73,0.00334575842134655,0.0344911701977253,-0.0135262239546244
4.74,0.00332780787721276,0.0344944931566715,-0.0135326530878166
4.75,0.00335358781740069,0.0344358570873737,-0.0135288101142745
4.76,0.00338678481057286,0.03442707285285,-0.0135356470992294
4.77,0.00335872429423034,0.0344753116369247,-0.0135150987254162
4.78,0.00337321264669299,0.0344737395644188,-0.0135141174105692
4.79,0.00334233441390097,0.0344303585588932,-0.0135322856232437
4.8,0.00338400434702635,0.0344284176826477,-0.0135443471278286
4.81,0.00333994999527931,0.0344500802457333,-0.0135199276998884
4.82,0.00333149102516472,0.0343997180461884,-0.0135134853989777
4.83,0.00339743192307651,0.0344134196639061,-0.0135132764960233
4.84,0.00343203893862665,0.0344838015735149,-0.0134976862255055
4.85,0.00337426597252488,0.0344775468111038,-0.0134963598170845
4.86,0.0033227305393666,0.0343801379203796,-0.013513338725671
4.87,0.00343034765683115,0.0344680659472942,-0.0135226152120721
4.88,0.00342433899641037,0.0345120392739773,-0.0135144218965425
4.89,0.0033393194898963,0.0344396196305752,-0.0135042144062648
4.9,0.00329488329589367,0.0343654789030552,-0.0135140400613106
4.91,0.00343249691650271,0.0344866774976254,-0.0135177936101043
4.92,0.00339501933194697,0.0344887375831604,-0.0135015088509489
4.93,0.00335110072046518,0.0344338938593864,-0.0134849054061796
4.94,0.0033606686629355,0.0343967713415623,-0.0134980785173989
4.95,0.00340903992764652,0.0344688594341278,-0.0135102814242414
4.96,0.00330417207442224,0.034468587487936,-0.0134851012590516
4.97,0.00332674407400191,0.0343928635120392,-0.0134816131256649
4.98,0.00343239214271307,0.0343993417918682,-0.0134861806284543
4.99,0.00344698247499764,0.0344395451247692,-0.0134806369569624
5,0.0033725150860846,0.0344637371599674,-0.013462344281432
5.01,0.00338714942336082,0.0343745574355125,-0.0134708590830606
5.02,0.00344257289543748,0.0344116501510143,-0.0134944118499071
5.03,0.00342815369367599,0.0344614163041115,-0.0135022617983774
5.04,0.00333445216529071,0.0344633869826794,-0.0134936256907833
5.05,0.00332792848348618,0.0344016589224339,-0.0135012353203338
5.06,0.00342539488337934,0.034420520067215,-0.0135086712213143
5.07,0.00339599139988422,0.034480981528759,-0.0135134696748572
5.08,0.00332441669888794,0.0344796478748322,-0.0135090147119958
5.09,0.00337038072757423,0.0344486646354198,-0.0135147867982697
5.1,0.00340192951261997,0.0343953408300877,-0.0135349926999751
5.11,0.00333476299419999,0.0344508700072765,-0.0135262479748459
5.12,0.00334401614964008,0.0344591736793518,-0.0135146482679825
5.13,0.00340617541223764,0.0344427451491356,-0.0135177495427261
5.14,0.00341725186444819,0.0344272926449776,-0.0135207142999499
5.15,0.00338010350242257,0.0344454422593117,-0.0135052199071152
5.16,0.00331546901725233,0.0344238914549351,-0.0135067644789959
5.17,0.00340099330060184,0.0344198234379292,-0.0135030090360721
5.18,0.00341755151748657,0.0344432927668095,-0.0135039614810741
5.19,0.00333726266399026,0.0344401560723782,-0.0134976361488968
5.2,0.00330328941345215,0.0344737246632576,-0.0134832923725789
5.21,0.00342335039749742,0.0344087891280651,-0.0134957035343542
5.22,0.00343002681620419,0.0344124957919121,-0.0135094221541243
5.23,0.00334135442972183,0.0344369262456894,-0.013506583501565
5.24,0.00331709301099181,0.0344612784683704,-0.0135083388131419
5.25,0.00335739413276315,0.034449465572834,-0.0135115119516921
5.26,0.00338931893929839,0.0344008728861809,-0.0135009847980678
5.27,0.00335827702656388,0.0344244875013828,-0.0134922035443657
5.28,0.00332863861694932,0.034439031034708,-0.0134988073618075
5.29,0.0033928060438484,0.034448366612196,-0.0135031844061439
5.3,0.00339393992908299,0.0344315394759178,-0.0134968538538075
5.31,0.00332211144268513,0.0344416946172714,-0.0134955904858648
5.32,0.00337901618331671,0.0344673283398151,-0.0134935164749821
5.33,0.00343131925910711,0.0344639755785465,-0.0134999447146445
5.34,0.00337478285655379,0.0344454571604729,-0.0134949792349278
5.35,0.00333284749649465,0.0344491042196751,-0.0134941982161726
5.36,0.00341199897229671,0.0344352461397648,-0.0135063546403635
5.37,0.00340605340898037,0.0344403050839901,-0.013511811363199
5.38,0.00336530222557485,0.0344416461884975,-0.0134957272740444
5.39,0.00333327567204833,0.0344367362558842,-0.0134894693848108
5.4,0.00334393326193094,0.0344266071915627,-0.0134968276285576
5.41,0.00339827383868396,0.0344325080513954,-0.0134949843984934
5.42,0.00335991964675486,0.0344915241003036,-0.0134858265471664
5.43,0.00334641197696328,0.0344484113156796,-0.0134852483549582
5.44,0.0033385525457561,0.0344177782535553,-0.0134929799708938
5.45,0.00338098383508623,0.0344383865594864,-0.0134897768442233
5.46,0.00334563292562962,0.0344869308173656,-0.0134849395706023
5.47,0.00334106478840113,0.0344337932765484,-0.0134952324175996
5.48,0.00335640367120504,0.034415427595377,-0.0135130560124867
5.49,0.0034080024342984,0.0344396680593491,-0.0135240329772691
5.5,0.00336818257346749,0.0344356521964073,-0.0135224675157993
5.51,0.00332606048323214,0.0344409272074699,-0.0135268856800277
5.52,0.00343733723275363,0.0344734713435173,-0.0135314960416029
5.53,0.00344750587828457,0.034481517970562,-0.0135344530658572
5.54,0.00333240767940879,0.0344377867877483,-0.0135269564434753
5.55,0.00329206930473447,0.0343666337430477,-0.0135309934321588
5.56,0.00346721801906824,0.0344576127827168,-0.0135283393166858
5.57,0.00338560412637889,0.0344621352851391,-0.0135230362963444
5.58,0.00331219751387835,0.0344497300684452,-0.0135046500995227
5.59,0.00332242855802178,0.0344529747962952,-0.0134879294782094
5.6,0.00338467163965106,0.0344631336629391,-0.0134883090262632
5.61,0.00335553498007357,0.0344479940831661,-0.0134860461750632
5.62,0.00327407126314938,0.0344488583505154,-0.013508766858765
5.63,0.00338597199879587,0.034434400498867,-0.013497159652191
5.64,0.00343363150022924,0.0344184935092926,-0.0134943861648834
5.65,0.0033613492269069,0.0344096198678017,-0.0134883797866959
5.66,0.00336023420095444,0.0344223752617836,-0.0135023072613679
5.67,0.0034428199287504,0.0344062633812428,-0.0135006754844391
5.68,0.00337567366659641,0.0344148688018322,-0.0135024992152798
5.69,0.00329813826829195,0.0344673730432987,-0.0134968394797941
5.7,0.00326594733633101,0.0344620272517204,-0.0134753955045533
5.71,0.00345357321202755,0.0344338230788708,-0.0134867799815726
5.72,0.00338723580352962,0.0344680920243263,-0.0134715099834319
5.73,0.00327552459202707,0.0344808772206306,-0.01347576776107
5.74,0.00330080860294402,0.0344476997852325,-0.0134705652481241
5.75,0.00342247821390629,0.0343870371580124,-0.0134652155085363
5.76,0.00333309429697692,0.034474540501833,-0.0134447468001949
5.77,0.00326323811896145,0.0344392955303192,-0.0134586982091533
5.78,0.00338767236098647,0.0343919508159161,-0.0134764140380128
5.79,0.00343454489484429,0.0343600399792194,-0.0134938077742701
5.8,0.00338466186076403,0.0343910455703735,-0.0135098363772036
5.81,0.00334202474914491,0.0344485379755497,-0.0134980853177175
5.82,0.00344709306955338,0.0344177111983299,-0.0135100053402144
5.83,0.00343638914637268,0.0344307832419872,-0.013518735556195
5.84,0.00329891522414982,0.0344725884497166,-0.0135203850624834
5.85,0.00324938260018826,0.0344859845936298,-0.0135268077486995
5.86,0.00346525362692773,0.0344425477087498,-0.0135449920096431
5.87,0.0033727865666151,0.0344464965164661,-0.0135409601320995
5.88,0.00326301343739033,0.0344531387090683,-0.0135285153543108
5.89,0.00332347536459565,0.0344552248716354,-0.013513029544502
5.9,0.00339442677795887,0.0344277620315552,-0.0135137003579604
5.91,0.00336550199426711,0.034399900585413,-0.0135186027598053
5.92,0.00333029613830149,0.0344131737947464,-0.0135077182660988
5.93,0.00336365075781941,0.0344401188194752,-0.013502170859318
5.94,0.00338615709915757,0.034435398876667,-0.0135109065837821
5.95,0.00334682990796864,0.0343982391059399,-0.0135030930776778
5.96,0.00338359689339995,0.0344361811876297,-0.013495418552616
5.97,0.00337999872863293,0.0344801843166351,-0.0134879516975534
5.98,0.00333428499288857,0.0344861373305321,-0.0134931804188771
5.99,0.00334199937060475,0.0344584584236145,-0.0135088975620191
6,0.0033705981913954,0.0344209969043732,-0.0134921454336536
6.01,0.00336791202425957,0.0344871617853642,-0.0134925805314869
6.02,0.00337502919137478,0.0344686098396778,-0.0134949006341507
6.03,0.00338118593208492,0.0344114750623703,-0.0135019317388501
6.04,0.00335089699365199,0.0344025008380413,-0.0135010118744045
6.05,0.00334202637895942,0.034438107162714,-0.0135058502443048
6.06,0.00338443601503968,0.0344387404620647,-0.0134975099782805
6.07,0.00337507156655192,0.0344048626720905,-0.0134967302437947
6.08,0.00330422725528479,0.034391812980175,-0.0134934548778833
6.09,0.00334637030027807,0.0344245173037052,-0.01348775236085
6.1,0.00339149544015527,0.0344329290091991,-0.0135104408314273
6.11,0.00333537207916379,0.0344525501132011,-0.0135048202241559
6.12,0.00331993983127177,0.0344543531537056,-0.0135085952475201
6.13,0.00336069497279823,0.0344271808862686,-0.0135045562956373
6.14,0.00337998662143946,0.0344145148992538,-0.0135026639326211
6.15,0.0033518944401294,0.034412570297718,-0.013517200629285
6.16,0.00338187837041914,0.0344122089445591,-0.013529617332013
6.17,0.00339696789160371,0.0344283021986485,-0.0135273103040022
6.18,0.00336677813902497,0.0344486609101295,-0.0135209912365664
6.19,0.00328436819836497,0.0344299972057343,-0.0135322165145684
6.2,0.00334695214405656,0.034411683678627,-0.0135257338773968
6.21,0.00341428793035448,0.0344527512788773,-0.0135288178385153
6.22,0.0033437863457948,0.0344874523580074,-0.013508059399455
6.23,0.00329237687401474,0.034475103020668,-0.0135013292525644
6.24,0.00337447365745902,0.0344416797161102,-0.0135070911985602
6.25,0.00340956565923989,0.0344199910759926,-0.0135045860677911
6.26,0.00329172075726092,0.0344515331089497,-0.0135104608438369
6.27,0.00334643898531795,0.0344326347112656,-0.0135121068962399
6.28,0.00338311260566115,0.0343895815312862,-0.013536842701123
6.29,0.00336382910609245,0.0344001725316048,-0.0135281818388847
6.3,0.00332837225869298,0.0344460383057594,-0.0135133698787433
6.31,0.00342940236441791,0.0344056971371174,-0.013511120172116
6.32,0.0033899259287864,0.0343607552349567,-0.013518368861807
6.33,0.00331894401460886,0.0343727953732014,-0.0135224940108936
6.34,0.0033248127438128,0.0344740860164165,-0.0135076685428309
6.35,0.0033880271948874,0.0344672426581383,-0.013493547811005
6.36,0.00335911405272782,0.0344400778412819,-0.0134960509656661
6.37,0.00333843356929719,0.0344788208603859,-0.0134975090871979
6.38,0.00335095636546612,0.034460686147213,-0.0134732979655673
6.39,0.00338354986160994,0.0344016589224339,-0.0134758630704315
6.4,0.00336836185306311,0.0343922823667526,-0.0134990527086633
6.41,0.00339627871289849,0.0344982594251633,-0.0134925754517256
6.42,0.00335325743071735,0.034416925162077,-0.0134924900044384
6.43,0.00333036715164781,0.0343878120183945,-0.0134884675357499
6.44,0.00336530269123614,0.0344055145978928,-0.0135042454806185
6.45,0.00339842936955392,0.0344655513763428,-0.0135136795734573
6.46,0.00333649991080165,0.0344393067061901,-0.0135020619718098
6.47,0.00333263957872987,0.0344152301549911,-0.0135057855907225
6.48,0.00339913996867836,0.0344384014606476,-0.013509260236045
6.49,0.00336209684610367,0.0344625599682331,-0.0135011123330998
6.5,0.00331463920883834,0.0344605892896652,-0.0135102091022686
6.51,0.0034007818903774,0.0344587378203869,-0.0135179389203053
6.52,0.0033836557995528,0.0344273708760738,-0.0135087286055788
6.53,0.00331838941201568,0.0344255678355694,-0.013498080581651
6.54,0.00331621966324747,0.0344497114419937,-0.0134835344331808
6.55,0.00338268955238163,0.0344525016844273,-0.0134843510615156
6.56,0.00337136723101139,0.0344189256429672,-0.0134858779600442
6.57,0.00329402694478631,0.0344283692538738,-0.0134828003305954
6.58,0.00330917164683342,0.0344332382082939,-0.0134847976998887
6.59,0.00342678069137037,0.0344089455902576,-0.0135020427287927
6.6,0.00343162356875837,0.0344144217669964,-0.0134956165942682
6.61,0.00329294172115624,0.0344594120979309,-0.0134850901981813
6.62,0.00332449749112129,0.034437071532011,-0.0134942402309769
6.63,0.00342495762743056,0.0344245843589306,-0.0135082114976813
6.64,0.00336904334835708,0.0344242379069328,-0.0135105158160585
6.65,0.00332507910206914,0.034448366612196,-0.0135065956869408
6.66,0.00339038600213826,0.0344313196837902,-0.0135136058577729
6.67,0.00337884249165654,0.0344112031161785,-0.0135238480147277
6.68,0.00333684519864619,0.0344259329140186,-0.0135239492980903
6.69,0.00333862984552979,0.0344296507537365,-0.0135062133011643
6.7,0.00339357205666602,0.0343924686312675,-0.0135022781069916
6.71,0.00335871567949653,0.0344436801970005,-0.0135194849715474
6.72,0.00334110949188471,0.0344720371067524,-0.013526021954574
6.73,0.00332114915363491,0.0344521105289459,-0.0135281347231988
6.74,0.00336623773910105,0.0344173237681389,-0.0135368858780352
6.75,0.00339144375175238,0.0344425886869431,-0.0135408862138899
6.76,0.00334661011584103,0.0344967544078827,-0.0135376878372266
6.77,0.00332110002636909,0.0344474278390408,-0.0135240658693961
6.78,0.00335511798039079,0.0344164669513702,-0.0135319192279693
6.79,0.0033880639821291,0.034438032656908,-0.0135316253885335
6.8,0.00340309529565275,0.0344894863665104,-0.0135190976257275
6.81,0.00326918880455196,0.0343829728662968,-0.013527434837915
6.82,0.00317455595359206,0.0343638844788074,-0.0136208894694091
6.83,0.00312088639475405,0.0343818292021751,-0.0139117845388392
6.84,0.00305782444775105,0.0343869589269161,-0.0144995948664256
6.85,0.00330515345558524,0.0344224683940411,-0.0154423101610281
6.86,0.0051900721155107,0.0345468670129776,-0.0171803862726307
6.87,0.00667196325957775,0.0346757173538208,-0.0193101645918508
6.88,0.00849596317857504,0.0347805432975292,-0.0217734347239643
6.89,0.0109281558543444,0.0347884371876717,-0.0245902198080236
6.9,0.0133456597104669,0.0348328873515129,-0.0277335413258029
6.91,0.0177270583808422,0.0346293374896049,-0.0316822503710603
6.92,0.0197331849485636,0.0344920828938484,-0.0359441020798906
6.93,0.0216082949191332,0.0343434661626816,-0.0403335460768958
6.94,0.023095641285181,0.0341761559247971,-0.0447477472825951
6.95,0.0242011621594429,0.0340121723711491,-0.0491064300258559
6.96,0.0262007489800453,0.0337607748806477,-0.053269478282801
6.97,0.0271309893578291,0.0337239131331444,-0.0573859004540495
6.98,0.02794449031353,0.0336776748299599,-0.0615834379894094
6.99,0.0289073958992958,0.0336289517581463,-0.0658461737173393
7,0.0301624275743961,0.0336595885455608,-0.0701761682435936
7.01,0.0328614339232445,0.033809844404459,-0.0744237437403436
7.02,0.034293208271265,0.0338367633521557,-0.078661094604036
7.03,0.0359688922762871,0.0338456556200981,-0.0829624695414113
7.04,0.0376711376011372,0.0337818376719952,-0.0873325294768311
7.05,0.03938053175807,0.0336776822805405,-0.0917892372135009
7.06,0.0424937754869461,0.0334221795201302,-0.0963188515051502
7.07,0.0440199375152588,0.0331776216626167,-0.100888506263352
7.08,0.0454936809837818,0.0328319706022739,-0.105415268017822
7.09,0.0469197854399681,0.0324902795255184,-0.109925451150556
7.1,0.048252921551466,0.0322384983301163,-0.114421627276693
7.11,0.0507696084678173,0.0315127857029438,-0.118948041401054
7.12,0.0520986951887608,0.0312279388308525,-0.123464446959271
7.13,0.0535270199179649,0.0310738123953342,-0.12796384614119
7.14,0.0549588575959206,0.0310244038701057,-0.132408836712355
7.15,0.0563443787395954,0.0308954659849405,-0.136843101628357
7.16,0.0593585446476936,0.0304611790925264,-0.141429124345893
7.17,0.0608675479888916,0.0303861405700445,-0.146042987611448
7.18,0.0622974783182144,0.0302860829979181,-0.150692052969073
7.19,0.0637211799621582,0.0300938654690981,-0.155374403376024
7.2,0.0651417970657349,0.0298498086631298,-0.16004613561904
7.21,0.067975141108036,0.0294872280210257,-0.164726152278948
7.22,0.0692357495427132,0.0292591731995344,-0.169444665111643
7.23,0.0706396102905273,0.0290063451975584,-0.174217241622024
7.24,0.0720962956547737,0.0287887267768383,-0.179036345216946
7.25,0.0735955014824867,0.0285938605666161,-0.183896892271592
7.26,0.0761369243264198,0.0279474314302206,-0.188659964923825
7.27,0.0776915103197098,0.0275283083319664,-0.193449282988789
7.28,0.0791875347495079,0.027150696143508,-0.198237197222462
7.29,0.0804587677121162,0.0267694275826216,-0.202990204933382
7.3,0.0816288962960243,0.026366064324975,-0.207773715397208
7.31,0.0844738185405731,0.0256184376776218,-0.212600542372729
7.32,0.0858638063073158,0.0253422670066357,-0.217416923942769
7.33,0.0870449095964432,0.0250467862933874,-0.222187731680648
7.34,0.0883507952094078,0.02486577257514,-0.226993414190603
7.35,0.089723028242588,0.0246999599039555,-0.231731055275935
7.36,0.0923454537987709,0.0243249088525772,-0.236546776714255
7.37,0.093602292239666,0.0240023545920849,-0.24133651817236
7.38,0.0950305908918381,0.0236964263021946,-0.246145471549066
7.39,0.096419632434845,0.0233815778046846,-0.250989117424505
7.4,0.0977569743990898,0.0229738876223564,-0.255813269981042
7.41,0.100529707968235,0.0221119690686464,-0.260607264625319
7.42,0.10215201228857,0.021608505398035,-0.265437178842061
7.43,0.103597931563854,0.0212212726473808,-0.270294246765009
7.44,0.104885131120682,0.0208695121109486,-0.275096511811758
7.45,0.106213755905628,0.0204719100147486,-0.279912088564287
7.46,0.108877964317799,0.0194915998727083,-0.284594917723166
7.47,0.110105060040951,0.0190961863845587,-0.289279193577262
7.48,0.11128643155098,0.0187239199876785,-0.293950936520959
7.49,0.112508997321129,0.0182525645941496,-0.298634630013145
7.5,0.113765172660351,0.0176616013050079,-0.303363261398659
7.51,0.116546742618084,0.016667939722538,-0.308088822693235
7.52,0.117884114384651,0.0162857454270124,-0.312804139752724
7.53,0.119178719818592,0.0158941075205803,-0.317521966745901
7.54,0.120736695826054,0.0154415676370263,-0.322328945261883
7.55,0.122142143547535,0.0150416605174541,-0.327174656517745
7.56,0.12490601092577,0.0144344670698047,-0.332139865460723
7.57,0.126284584403038,0.0140499733388424,-0.337097333967268
7.58,0.127770498394966,0.0136397937312722,-0.342044758050454
7.59,0.129188731312752,0.0132505679503083,-0.346972038992499
7.6,0.130531445145607,0.0128164831548929,-0.351892174301754
7.61,0.133405983448029,0.0116154216229916,-0.356826691346926
7.62,0.134912043809891,0.0109753655269742,-0.361715005703447
7.63,0.136222690343857,0.0103937592357397,-0.366652010143602
7.64,0.137440621852875,0.00981994718313217,-0.371597053452808
7.65,0.138712495565414,0.00919349491596222,-0.376543181709998
7.66,0.141554117202759,0.00811449065804482,-0.381425222126087
7.67,0.142783805727959,0.00754614686593413,-0.386319941975179
7.68,0.144100278615952,0.00692975334823132,-0.391247445900141
7.69,0.145429715514183,0.00634004501625896,-0.396188260195877
7.7,0.146915823221207,0.00586419180035591,-0.401170690033728
7.71,0.149526476860046,0.00481626763939857,-0.406067837853059
7.72,0.150912001729012,0.00437129661440849,-0.410991062183521
7.73,0.152381241321564,0.00398451741784811,-0.415922874321196
7.74,0.153705164790154,0.0036101199220866,-0.420833026424028
7.75,0.154900476336479,0.00321247894316912,-0.42572327412563
7.76,0.157390803098679,0.00241305399686098,-0.430701121922966
7.77,0.158643126487732,0.00189198087900877,-0.435639567466283
7.78,0.159759655594826,0.00129360216669738,-0.440522038795664
7.79,0.160847201943398,0.000642987957689911,-0.445351454812223
7.8,0.162006810307503,-0.000122024212032557,-0.450146322495765
7.81,0.164447695016861,-0.00193519494496286,-0.454951090407575
7.82,0.165634617209435,-0.00273285340517759,-0.459755054436692
7.83,0.166789069771767,-0.00338352774269879,-0.464468398797835
7.84,0.168019399046898,-0.00407569482922554,-0.469142701953209
7.85,0.169319376349449,-0.00480427360162139,-0.473854174353317
7.86,0.171974703669548,-0.00602933578193188,-0.478591497378896
7.87,0.173271760344505,-0.00641077058389783,-0.483324096920151
7.88,0.174651384353638,-0.00686908047646284,-0.488048316604739
7.89,0.176042482256889,-0.0074358256533742,-0.492804254537776
7.9,0.17736291885376,-0.0079677440226078,-0.497616176351735
7.91,0.179761126637459,-0.00891613867133856,-0.502485895213485
7.92,0.181131318211555,-0.00962352938950062,-0.507362633524717
7.93,0.182404562830925,-0.010354982689023,-0.512287551740998
7.94,0.183540046215057,-0.0110791958868504,-0.517240668179931
7.95,0.184609889984131,-0.0117744542658329,-0.522191764856571
7.96,0.187168955802917,-0.0134398825466633,-0.527108431955841
7.97,0.188353002071381,-0.0142318466678262,-0.532012082841117
7.98,0.189525365829468,-0.01500781532377,-0.536956051840286
7.99,0.190729707479477,-0.0159238167107105,-0.541887338415454
8,0.192082569003105,-0.0168200954794884,-0.546696688666792
8.01,0.194598168134689,-0.0184440333396196,-0.551473969047062
8.02,0.1958217471838,-0.0191913228482008,-0.556238175766109
8.03,0.197152614593506,-0.0199987012892962,-0.560989829426688
8.04,0.198584616184235,-0.0207804888486862,-0.565744641063301
8.05,0.199849501252174,-0.0215319022536278,-0.570502086007368
8.06,0.202317073941231,-0.0230547860264778,-0.575308018450902
8.07,0.203639894723892,-0.0238221623003483,-0.580154840308422
8.08,0.204726666212082,-0.0246353447437286,-0.584968964905692
8.09,0.205827236175537,-0.0254362188279629,-0.589807145480887
8.1,0.206944361329079,-0.0262821856886148,-0.594667859378718
8.11,0.209254026412964,-0.0279845874756575,-0.599543941413442
8.12,0.21041302382946,-0.028899572789669,-0.604451023409317
8.13,0.211519107222557,-0.02974958345294,-0.609367369007878
8.14,0.212745726108551,-0.0306258201599121,-0.614339992198553
8.15,0.214073687791824,-0.0315692313015461,-0.619298582536401
8.16,0.216595098376274,-0.0332904681563377,-0.624209900886447
8.17,0.217799514532089,-0.034149419516325,-0.629128491246725
8.18,0.218984588980675,-0.0350359603762627,-0.634066057650645
8.19,0.22006031870842,-0.0358875840902328,-0.63900057606098
8.2,0.221083983778954,-0.0367351956665516,-0.643935109601707
8.21,0.223163306713104,-0.0382979996502399,-0.648872433904428
8.22,0.224190235137939,-0.0391627363860607,-0.653770917623369
8.23,0.225181892514229,-0.0400569438934326,-0.658666862503827
8.24,0.226174890995026,-0.0408573634922504,-0.663511638379084
8.25,0.227219939231873,-0.0415788106620312,-0.668413477111125
8.26,0.229415968060493,-0.0432586595416069,-0.67330054672662
8.27,0.230561494827271,-0.0442639328539371,-0.678196364375933
8.28,0.231761664152145,-0.0451384596526623,-0.683129067814081
8.29,0.232853040099144,-0.0459780767560005,-0.688066186711052
8.3,0.23400691151619,-0.0469300076365471,-0.69292734733423
8.31,0.236436516046524,-0.0491614229977131,-0.697790516136252
8.32,0.237464740872383,-0.050193652510643,-0.702706921961586
8.33,0.238538697361946,-0.0512002222239971,-0.707687387826937
8.34,0.239640787243843,-0.0522736571729183,-0.71265697109477
8.35,0.240714564919472,-0.0533162541687489,-0.717560892035429
8.36,0.242788568139076,-0.0551027171313763,-0.722513841922718
8.37,0.243794426321983,-0.0559561029076576,-0.727420892253555
8.38,0.244932353496552,-0.0569212920963764,-0.732273378612286
8.39,0.246090531349182,-0.0577896013855934,-0.737136479788507
8.4,0.247110620141029,-0.0587128587067127,-0.742149436097037
8.41,0.249318197369576,-0.060553427785635,-0.747153154673682
8.42,0.250524699687958,-0.0615810193121433,-0.75213704316568
8.43,0.251520574092865,-0.0625897943973541,-0.757098381389389
8.44,0.252423256635666,-0.0636930987238884,-0.76207244297161
8.45,0.253497034311295,-0.0648570507764816,-0.767080802335129
8.46,0.255754798650742,-0.0670963525772095,-0.772012770963888
8.47,0.256635695695877,-0.0681064948439598,-0.776948361289538
8.48,0.25762552022934,-0.0690945833921432,-0.781928184232977
8.49,0.258717894554138,-0.070172481238842,-0.786939266838331
8.5,0.259732931852341,-0.0712489485740662,-0.791885089655843
8.51,0.261662930250168,-0.0733700469136238,-0.796801700857047
8.52,0.26263290643692,-0.0745631232857704,-0.801709023561386
8.53,0.263619065284729,-0.0757268667221069,-0.806585818145129
8.54,0.264543771743774,-0.076751783490181,-0.811483924160805
8.55,0.265451222658157,-0.0777048915624619,-0.81639871184112
8.56,0.267506062984467,-0.079694040119648,-0.821333830596938
8.57,0.268519014120102,-0.0807274356484413,-0.826300180579611
8.58,0.269488573074341,-0.0816658958792686,-0.831270347169555
8.59,0.270501554012299,-0.0825745388865471,-0.836188166252035
8.6,0.271555662155151,-0.083582915365696,-0.841104928063292
8.61,0.273620337247849,-0.0859389156103134,-0.84614260708001
8.62,0.274555951356888,-0.0870612263679504,-0.851184431431384
8.63,0.275480955839157,-0.0881679579615593,-0.85622065248063
8.64,0.276312828063965,-0.0892444029450417,-0.861197138516617
8.65,0.277120798826218,-0.0904642939567566,-0.86614834258597
8.66,0.278889358043671,-0.0926675722002983,-0.871153591365561
8.67,0.27969428896904,-0.0935724377632141,-0.876151514359928
8.68,0.280537962913513,-0.0945987701416016,-0.881156099934743
8.69,0.281463384628296,-0.0957011803984642,-0.886186686732567
8.7,0.282389402389526,-0.0967312827706337,-0.891241046340467
8.71,0.284189969301224,-0.0986964479088783,-0.896150058446456
8.72,0.2851742208004,-0.0999706611037254,-0.901010011017987
8.73,0.286141037940979,-0.101216405630112,-0.905832210773082
8.74,0.286918431520462,-0.102308981120586,-0.91065912325844
8.75,0.287688821554184,-0.103410489857197,-0.915480664532642
8.76,0.289395868778229,-0.105704709887505,-0.920389927451973
8.77,0.290247321128845,-0.106897100806236,-0.925357507903626
8.78,0.290997624397278,-0.108194045722485,-0.930318670085997
8.79,0.29182043671608,-0.109542652964592,-0.935235916584429
8.8,0.292622983455658,-0.110773786902428,-0.940106200460121
8.81,0.294288158416748,-0.112869016826153,-0.944997041684183
8.82,0.295052587985992,-0.114009462296963,-0.949963718377125
8.83,0.295858383178711,-0.11518606543541,-0.954958902166106
8.84,0.296668648719788,-0.116236262023449,-0.959952800509027
8.85,0.297554552555084,-0.117292813956738,-0.964929056291602
8.86,0.299216479063034,-0.119461536407471,-0.969823313407927
8.87,0.300092428922653,-0.120671264827251,-0.974679017693509
8.88,0.30095711350441,-0.121768534183502,-0.979453896308631
8.89,0.301711767911911,-0.122900076210499,-0.984256670146512
8.9,0.302573829889297,-0.124133288860321,-0.989156472181983
8.91,0.304247170686722,-0.126829743385315,-0.99411561920694
8.92,0.304929375648499,-0.128218084573746,-0.999004799023086
8.93,0.305543184280396,-0.129518836736679,-1.00389248754746
8.94,0.306258618831635,-0.130855232477188,-1.00881670249601
8.95,0.307085245847702,-0.132224872708321,-1.0138013093768
8.96,0.308560818433762,-0.134778648614883,-1.01876765754581
8.97,0.309253931045532,-0.135823786258698,-1.02374815949827
8.98,0.310019731521606,-0.13686840236187,-1.0287882206197
8.99,0.310834050178528,-0.138055458664894,-1.03378553261771
9,0.311657816171646,-0.139253109693527,-1.03870287678325
9.01,0.313142955303192,-0.141302585601807,-1.04356592830623
9.02,0.313938200473785,-0.142484709620476,-1.04851595843549
9.03,0.314708203077316,-0.143793061375618,-1.05352161585875
9.04,0.315491497516632,-0.144997105002403,-1.05850278180202
9.05,0.316273272037506,-0.146199613809586,-1.06343073248551
9.06,0.317680418491364,-0.148873150348663,-1.06828090766771
9.07,0.318383514881134,-0.150315269827843,-1.07312612666257
9.08,0.319018632173538,-0.151565939188004,-1.07800901023295
9.09,0.319497466087341,-0.152708351612091,-1.08292714370707
9.1,0.319976657629013,-0.153936952352524,-1.0878618943544
9.11,0.321140110492706,-0.156338408589363,-1.09274639899998
9.12,0.321529924869537,-0.157591208815575,-1.09749310028567
9.13,0.32202735543251,-0.158960700035095,-1.10219962596723
9.14,0.322542577981949,-0.160187572240829,-1.10690830244866
9.15,0.323245972394943,-0.161385253071785,-1.11167240152563
9.16,0.324461787939072,-0.163943246006966,-1.11654374378889
9.17,0.325108796358109,-0.165281340479851,-1.12140999102152
9.18,0.325955122709274,-0.166647151112556,-1.1262234993618
9.19,0.326677411794662,-0.167878940701485,-1.13102356973912
9.2,0.327334851026535,-0.16897851228714,-1.13584117318519
9.21,0.328683912754059,-0.171343803405762,-1.14082280620054
9.22,0.329312115907669,-0.1726313829422,-1.14587707161316
9.23,0.329814463853836,-0.173958852887154,-1.15089730034331
9.24,0.330330371856689,-0.175334438681602,-1.15588912263946
9.25,0.330849260091782,-0.176778197288513,-1.16081508913531
9.26,0.331727802753448,-0.179527208209038,-1.16571309823269
9.27,0.332093983888626,-0.180813476443291,-1.17065052377259
9.28,0.332515180110931,-0.18215399980545,-1.17563985843505
9.29,0.333022058010101,-0.183538839221001,-1.18065485583135
9.3,0.333618581295013,-0.18490643799305,-1.1856614458569
9.31,0.334608048200607,-0.187553033232689,-1.19052595257379
9.32,0.335115730762482,-0.1889318972826,-1.19540114928386
9.33,0.335754007101059,-0.190326794981956,-1.20028164252046
9.34,0.336340427398682,-0.191692605614662,-1.20519267145487
9.35,0.336938083171844,-0.193036794662476,-1.2101750032677
9.36,0.338108152151108,-0.19581001996994,-1.21517521624408
9.37,0.338680863380432,-0.197284907102585,-1.22008639295359
9.38,0.339200884103775,-0.198665380477905,-1.22494329175125
9.39,0.339708685874939,-0.200001671910286,-1.22983892859568
9.4,0.340178370475769,-0.201294466853142,-1.23478756518475
9.41,0.341045558452606,-0.204039037227631,-1.23972840143076
9.42,0.341432839632034,-0.205492123961449,-1.24462264462118
9.43,0.341735452413559,-0.206853821873665,-1.24951687382622
9.44,0.341978192329407,-0.208120331168175,-1.25445275796782
9.45,0.342301487922668,-0.209460586309433,-1.2593835256541
9.46,0.343021601438522,-0.212328776717186,-1.26430111459197
9.47,0.343314528465271,-0.213705375790596,-1.26926195433616
9.48,0.343772202730179,-0.215059459209442,-1.27424169321329
9.49,0.344367176294327,-0.216434940695763,-1.279136240714
9.5,0.344949454069138,-0.217832490801811,-1.28395948756638
9.51,0.345854073762894,-0.220664858818054,-1.2889336509242
9.52,0.346297115087509,-0.22201880812645,-1.29394905598429
9.53,0.34678715467453,-0.22332875430584,-1.29896031011557
9.54,0.347127258777618,-0.224666029214859,-1.30393532287209
9.55,0.347359597682953,-0.225956812500954,-1.30884447457719
9.56,0.347874581813812,-0.228588342666626,-1.31378124676082
9.57,0.348107695579529,-0.229935169219971,-1.31876137349057
9.58,0.348306030035019,-0.231214761734009,-1.32372028109982
9.59,0.348576039075851,-0.232457980513573,-1.32868505029653
9.6,0.34901887178421,-0.233859419822693,-1.33367779473489
9.61,0.349513232707977,-0.236586660146713,-1.33860402430717
9.62,0.349806219339371,-0.237920165061951,-1.34356258305751
9.63,0.350147098302841,-0.239316523075104,-1.34856383159
9.64,0.350559771060944,-0.24077507853508,-1.3535473267638
9.65,0.350779503583908,-0.242175340652466,-1.35849904247548
9.66,0.35142993927002,-0.24488776922226,-1.36342095212592
9.67,0.351826071739197,-0.246292501688004,-1.36833772730087
9.68,0.35217621922493,-0.247775048017502,-1.37329850205189
9.69,0.35256427526474,-0.249181866645813,-1.37825530478203
9.7,0.353054702281952,-0.25051349401474,-1.38323380658889
9.71,0.353703230619431,-0.253313183784485,-1.38829543033575
9.72,0.353929579257965,-0.254653841257095,-1.3932795577091
9.73,0.35423681139946,-0.255960464477539,-1.39823745169479
9.74,0.354448646306992,-0.257285237312317,-1.40320886667523
9.75,0.354515999555588,-0.258624017238617,-1.40821546970099
9.76,0.354690939188004,-0.26156547665596,-1.41319863008766
9.77,0.354782283306122,-0.263076364994049,-1.41816745151018
9.78,0.354784697294235,-0.264573842287064,-1.42317790552564
9.79,0.354926615953445,-0.266060829162598,-1.42825514642431
9.8,0.355133354663849,-0.267508268356323,-1.43331396316324
9.81,0.355619460344315,-0.270535558462143,-1.43828475803141
9.82,0.355835646390915,-0.272038549184799,-1.44321570653591
9.83,0.3561772108078,-0.273400753736496,-1.44811129460103
9.84,0.356540530920029,-0.274658977985382,-1.45297325957298
9.85,0.356739789247513,-0.275965362787247,-1.45781645246765
9.86,0.35693085193634,-0.278702855110168,-1.46273214073972
9.87,0.357183903455734,-0.280058443546295,-1.46766413260755
9.88,0.357353001832962,-0.281410902738571,-1.47250689076354
9.89,0.357358247041702,-0.282844245433807,-1.47732830383061
9.9,0.357415646314621,-0.284306645393372,-1.48219720809921
9.91,0.357646852731705,-0.287095844745636,-1.4871832213108
9.92,0.35767737030983,-0.288426548242569,-1.49222748390498
9.93,0.357769697904587,-0.289893835783005,-1.49730006437411
9.94,0.357906967401505,-0.291348844766617,-1.5023414506388
9.95,0.3580641746521,-0.292787194252014,-1.50736973441124
9.96,0.358065366744995,-0.295585125684738,-1.51235491398568
9.97,0.358168184757233,-0.297045528888702,-1.5173403259464
9.98,0.358324408531189,-0.298511832952499,-1.52240181249796
9.99,0.358541637659073,-0.299809783697128,-1.52742949362164
10,0.358690023422241,-0.301110446453094,-1.53237758498616
10.01,0.358854860067368,-0.303780913352966,-1.53720943373911
10.02,0.359036922454834,-0.305183440446854,-1.54203673811748
10.03,0.359177857637405,-0.306529104709625,-1.5468828339949
10.04,0.35912761092186,-0.307794690132141,-1.55179405215808
10.05,0.35900616645813,-0.308991402387619,-1.55670122859582
10.06,0.358901500701904,-0.311914920806885,-1.56158309269067
10.07,0.358746558427811,-0.313403308391571,-1.56643237302888
10.08,0.358581155538559,-0.314764112234116,-1.5712173113354
10.09,0.358459889888763,-0.316193044185638,-1.57602751156933
10.1,0.358452171087265,-0.317678242921829,-1.58087982756318
10.11,0.358345001935959,-0.320524483919144,-1.58577530833316
10.12,0.358319133520126,-0.321895986795425,-1.59066686152256
10.13,0.358369112014771,-0.323262572288513,-1.59551707866184
10.14,0.358457952737808,-0.324619233608246,-1.60033821823571
10.15,0.358419597148895,-0.325938642024994,-1.6051900007269
10.16,0.358165413141251,-0.328770846128464,-1.61004079363011
10.17,0.358114451169968,-0.330192685127258,-1.61492522877288
10.18,0.358102053403854,-0.331551671028137,-1.61984005747904
10.19,0.358013987541199,-0.332915186882019,-1.62475578724457
10.2,0.357850611209869,-0.334369301795959,-1.62963708506795
10.21,0.357718795537949,-0.337163597345352,-1.63449764274944
10.22,0.357691437005997,-0.338586330413818,-1.63939505542629
10.23,0.357564449310303,-0.340068489313126,-1.64427581489176
10.24,0.357440888881683,-0.341500014066696,-1.64916149823101
10.25,0.357298374176025,-0.342754453420639,-1.65401458055322
10.26,0.356796413660049,-0.345608025789261,-1.65889941753606
10.27,0.356556087732315,-0.347156912088394,-1.66375064889976
10.28,0.356304347515106,-0.348622024059296,-1.66860287894058
10.29,0.35608246922493,-0.35003599524498,-1.67351514071443
10.3,0.355815291404724,-0.351521879434586,-1.67849760985972
10.31,0.355467289686203,-0.354788094758987,-1.68347735172786
10.32,0.355408936738968,-0.356228202581406,-1.68843388023957
10.33,0.355357676744461,-0.357523560523987,-1.69343460395916
10.34,0.355224817991257,-0.358825832605362,-1.69849737913515
10.35,0.355067789554596,-0.36016908288002,-1.70358055200117
10.36,0.354745537042618,-0.362834513187408,-1.70854109991742
10.37,0.354514539241791,-0.364132076501846,-1.71348145640458
10.38,0.354326456785202,-0.365546703338623,-1.71845620461353
10.39,0.354039758443832,-0.367004603147507,-1.72342438893349
10.4,0.353719145059586,-0.368489593267441,-1.72837159528568
10.41,0.353335231542587,-0.371636986732483,-1.73330601456041
10.42,0.353108048439026,-0.373071610927582,-1.73821688957079
10.43,0.352828860282898,-0.3743976354599,-1.7430687873398
10.44,0.352534562349319,-0.375752985477448,-1.74789761770556
10.45,0.352273464202881,-0.377044886350632,-1.75276861570372
10.46,0.351539850234985,-0.3796147108078,-1.75769249606946
10.47,0.35126918554306,-0.380871206521988,-1.76262971691595
10.48,0.351046919822693,-0.382123321294785,-1.76755173580175
10.49,0.350729435682297,-0.38339838385582,-1.772503890625
10.5,0.350327491760254,-0.384712845087051,-1.77745540311607
10.51,0.349888741970062,-0.387334555387497,-1.78238571544328
10.52,0.349830985069275,-0.388794362545013,-1.78737935715478
10.53,0.349568903446198,-0.390190720558167,-1.79244041631776
10.54,0.349203616380692,-0.391522288322449,-1.79742231320262
10.55,0.349029898643494,-0.392868429422379,-1.80236285848548
10.56,0.348470151424408,-0.395660936832428,-1.80738980181777
10.57,0.34798601269722,-0.397136360406876,-1.81244098275405
10.58,0.347572207450867,-0.39853823184967,-1.8174584759717
10.59,0.347134500741959,-0.399933218955994,-1.82236744778356
10.6,0.34671425819397,-0.40138453245163,-1.82724442920044
10.61,0.34576427936554,-0.404228836297989,-1.83216433934248
10.62,0.345400482416153,-0.405438452959061,-1.83708945505303
10.63,0.345062524080276,-0.406621128320694,-1.84201412802051
10.64,0.34464368224144,-0.407883077859879,-1.84699563638145
10.65,0.344200015068054,-0.409218579530716,-1.85197037590266
10.66,0.343335896730423,-0.411857634782791,-1.85692525369524
10.67,0.343016922473907,-0.413136690855026,-1.86182802756416
10.68,0.342668980360031,-0.414575278759003,-1.86673403919579
10.69,0.342226803302765,-0.416135013103485,-1.87173443084485
10.7,0.341832399368286,-0.417627394199371,-1.87675734513268
10.71,0.34132182598114,-0.420538127422333,-1.88174621093759
10.72,0.341009855270386,-0.421972692012787,-1.8867165565746
10.73,0.340592116117477,-0.423415571451187,-1.89168877505747
10.74,0.340107202529907,-0.424771159887314,-1.89664995460743
10.75,0.339747130870819,-0.426132559776306,-1.90164070439458
10.76,0.338674575090408,-0.428915768861771,-1.90660356057011
10.77,0.338005244731903,-0.430210202932358,-1.91158800270434
10.78,0.337413430213928,-0.431450545787811,-1.91653873617275
10.79,0.336773216724396,-0.432663828134537,-1.92140973781239
10.8,0.336115390062332,-0.433895081281662,-1.92625239113626
10.81,0.334748476743698,-0.436411768198013,-1.93113220268063
10.82,0.334308564662933,-0.437770217657089,-1.93601843249204
10.83,0.333865374326706,-0.439136117696762,-1.9409180612492
10.84,0.333409011363983,-0.440531522035599,-1.94582936861831
10.85,0.33283320069313,-0.441923856735229,-1.95073656792159
10.86,0.332209229469299,-0.44489586353302,-1.95570848772684
10.87,0.331842362880707,-0.446285128593445,-1.9606741606361
10.88,0.331347197294235,-0.447629064321518,-1.96566725468843
10.89,0.330871164798737,-0.448886692523956,-1.97067874368118
10.9,0.330439150333405,-0.450198888778687,-1.97567744679296
10.91,0.329362988471985,-0.452557176351547,-1.98067225171013
10.92,0.328746616840363,-0.453616291284561,-1.98564433353033
10.93,0.328113615512848,-0.454699724912643,-1.99059401880571
10.94,0.327447384595871,-0.455856591463089,-1.99553230478391
10.95,0.32660236954689,-0.457024544477463,-2.00048283030426
10.96,0.325058847665787,-0.459499299526215,-2.00536729788971
10.97,0.324404925107956,-0.460736274719238,-2.01026953328484
10.98,0.323740154504776,-0.462027847766876,-2.01518636006117
10.99,0.323014408349991,-0.463342785835266,-2.02009872331757
11,0.322433114051819,-0.464685350656509,-2.02504225136398
11.01,0.321610450744629,-0.467315763235092,-2.03000392603309
11.02,0.321170777082443,-0.468632280826569,-2.03499403898004
11.03,0.320695966482162,-0.469959557056427,-2.0399541898078
11.04,0.320243179798126,-0.4713976085186,-2.0449023730737
11.05,0.319768488407135,-0.472721248865128,-2.04984469600323
11.06,0.318509817123413,-0.475058764219284,-2.05475490454852
11.07,0.317794024944305,-0.476330399513245,-2.05968951325544
11.08,0.317001074552536,-0.477579772472382,-2.06460387785691
11.09,0.316119641065598,-0.478785961866379,-2.06950534028923
11.1,0.315227210521698,-0.479925602674484,-2.07439710149205
11.11,0.313458502292633,-0.482303887605667,-2.07932941193576
11.12,0.312675178050995,-0.483474582433701,-2.08422829681208
11.13,0.31189027428627,-0.484655857086182,-2.08917086289407
11.14,0.311131983995438,-0.485808432102203,-2.09412657300093
11.15,0.310325413942337,-0.487093806266785,-2.09905626318597
11.16,0.308949887752533,-0.489749222993851,-2.10397769897398
11.17,0.308299154043198,-0.490992486476898,-2.10887020506586
11.18,0.307534039020538,-0.492286056280136,-2.1137991457527
11.19,0.306682795286179,-0.493614733219147,-2.11873428022013
11.2,0.305878162384033,-0.494966357946396,-2.12365950612883
11.21,0.304442852735519,-0.497634261846542,-2.12852580132371
11.22,0.303554028272629,-0.498861879110336,-2.13342662421499
11.23,0.302723616361618,-0.500064253807068,-2.13834350117817
11.24,0.301998525857925,-0.501294791698456,-2.14327595384545
11.25,0.301349461078644,-0.50241607427597,-2.14823336801926
11.26,0.299645751714706,-0.504532933235168,-2.15326115374051
11.27,0.298834681510925,-0.505616545677185,-2.15828795787793
11.28,0.298036187887192,-0.506770074367523,-2.16327664962823
11.29,0.297136783599854,-0.507948279380798,-2.16821365714116
11.3,0.296075791120529,-0.509142160415649,-2.17314221449973
11.31,0.294277936220169,-0.511617481708527,-2.17813602777665
11.32,0.293395221233368,-0.512801051139832,-2.1831379959325
11.33,0.292408108711243,-0.513982534408569,-2.1881380091949
11.34,0.291567176580429,-0.515208542346954,-2.19316976249216
11.35,0.290851950645447,-0.516452014446259,-2.1982351559901
11.36,0.289541959762573,-0.518684804439545,-2.20322778239007
11.37,0.288819134235382,-0.519787967205048,-2.20819446474791
11.38,0.288131803274155,-0.520946443080902,-2.21317435312024
11.39,0.287399739027023,-0.522068679332733,-2.21820699964933
11.4,0.286654353141785,-0.523128032684326,-2.22324523345415
11.41,0.284891664981842,-0.525086879730225,-2.22822706239531
11.42,0.283940553665161,-0.526146829128265,-2.23320948852432
11.43,0.28296172618866,-0.527272343635559,-2.23820502342874
11.44,0.282009869813919,-0.528364717960358,-2.243184167825
11.45,0.281050503253937,-0.529511511325836,-2.24811366415549
11.46,0.27910703420639,-0.531718373298645,-2.25308855952623
11.47,0.278117328882217,-0.532872676849365,-2.25808068583095
11.48,0.277099311351776,-0.534081876277924,-2.26307016062293
11.49,0.276152729988098,-0.535243570804596,-2.26805165010154
11.5,0.275146186351776,-0.536386668682098,-2.27302060154711
11.51,0.273372888565063,-0.538549184799194,-2.2779929540578
11.52,0.27252534031868,-0.539651334285736,-2.28296001631281
11.53,0.27162703871727,-0.540690183639526,-2.28791184253322
11.54,0.270721912384033,-0.541716873645782,-2.29286442118441
11.55,0.269941180944443,-0.542781472206116,-2.29784197405401
11.56,0.268273681402206,-0.544884085655212,-2.30285759021188
11.57,0.267329722642899,-0.545854389667511,-2.30786936180357
11.58,0.266359448432922,-0.546849966049194,-2.31288301800571
11.59,0.265366703271866,-0.547860860824585,-2.31790380747705
11.6,0.264298319816589,-0.548874378204346,-2.32290592007602
11.61,0.261914104223251,-0.551029860973358,-2.32790643632052
11.62,0.260749876499176,-0.552162051200867,-2.33292399298043
11.63,0.259554862976074,-0.553217113018036,-2.33794624360018
11.64,0.258455991744995,-0.554222822189331,-2.34296782903875
11.65,0.257326513528824,-0.555275499820709,-2.34802300233111
11.66,0.255286306142807,-0.557362258434296,-2.35308180464392
11.67,0.254432320594788,-0.558326303958893,-2.35811113613674
11.68,0.253569811582565,-0.559295475482941,-2.36310405507178
11.69,0.252670168876648,-0.560354113578796,-2.36810240274998
11.7,0.251838773488998,-0.561395168304443,-2.37314630822417
11.71,0.250174939632416,-0.56319123506546,-2.37818239459349
11.72,0.249094381928444,-0.564192771911621,-2.38322083279521
11.73,0.248012870550156,-0.56532621383667,-2.38825062825798
11.74,0.246959269046783,-0.566399991512299,-2.39324830473275
11.75,0.245869219303131,-0.56742787361145,-2.39821289450088
11.76,0.243518158793449,-0.569407522678375,-2.40321927564141
11.77,0.242395296692848,-0.570365071296692,-2.40823642679845
11.78,0.241248607635498,-0.571281909942627,-2.41323894832653
11.79,0.240060061216354,-0.572159171104431,-2.41821871179183
11.8,0.238900646567345,-0.572967827320099,-2.42315672666331
11.81,0.236744090914726,-0.574557483196259,-2.42812892816557
11.82,0.23572301864624,-0.575318396091461,-2.43308164010738
11.83,0.234671831130981,-0.576145946979523,-2.43801157710496
11.84,0.233545482158661,-0.577073574066162,-2.44296410117247
11.85,0.232544630765915,-0.578024506568909,-2.44789515089769
11.86,0.230684787034988,-0.579980731010437,-2.45276021419352
11.87,0.229726523160934,-0.58100289106369,-2.45765426597872
11.88,0.228662297129631,-0.581962764263153,-2.46257554308363
11.89,0.227543666958809,-0.582856357097626,-2.46751278578157
11.9,0.226622328162193,-0.583685040473938,-2.47243260159289
11.91,0.224228531122208,-0.585367143154144,-2.47737403814525
11.92,0.222891539335251,-0.586217761039734,-2.48230585275172
11.93,0.221586644649506,-0.587035715579987,-2.48726160297597
11.94,0.220267072319984,-0.587825536727905,-2.49217099404818
11.95,0.218946546316147,-0.588649749755859,-2.49708398640087
11.96,0.216339558362961,-0.590364754199982,-2.50207504133677
11.97,0.215308710932732,-0.591126799583435,-2.50709533003897
11.98,0.214170053601265,-0.591927587985992,-2.51213636358714
11.99,0.213036581873894,-0.592754304409027,-2.51713734002494
12,0.211946845054626,-0.593619823455811,-2.52216535701604
12.01,0.210096046328545,-0.59543639421463,-2.52713031199459
12.02,0.208994284272194,-0.596283197402954,-2.53210672171747
12.03,0.207839637994766,-0.59715473651886,-2.53711421512677
12.04,0.206734985113144,-0.598107814788818,-2.54217410608464
12.05,0.205652981996536,-0.599080622196198,-2.5472765407177
12.06,0.203100189566612,-0.600634694099426,-2.55228091259925
12.07,0.201723039150238,-0.60140997171402,-2.55728428818135
12.08,0.200443044304848,-0.602318346500397,-2.56230834896541
12.09,0.199186012148857,-0.60315465927124,-2.56736160133054
12.1,0.197847262024879,-0.603735029697418,-2.57236935961106
12.11,0.195004180073738,-0.604876220226288,-2.57731429261193
12.12,0.193731561303139,-0.605646371841431,-2.58226713237363
12.13,0.192415282130241,-0.606305062770844,-2.58715017688027
12.14,0.191135287284851,-0.606837272644043,-2.59199416406364
12.15,0.189817547798157,-0.607455611228943,-2.59685549553855
12.16,0.187361225485802,-0.60907906293869,-2.60171832878257
12.17,0.186072960495949,-0.609867632389069,-2.60660802443733
12.18,0.184799998998642,-0.61066198348999,-2.61150345220693
12.19,0.183516845107079,-0.611530840396881,-2.61641812374576
12.2,0.182317525148392,-0.612397849559784,-2.62135744303129
12.21,0.179715186357498,-0.614070475101471,-2.62636284707491
12.22,0.178319603204727,-0.614935457706451,-2.63137328489683
12.23,0.176951691508293,-0.615684866905212,-2.63640702095562
12.24,0.175647363066673,-0.616252422332764,-2.64145267113379
12.25,0.174330815672874,-0.616775810718536,-2.64642518001709
12.26,0.171644955873489,-0.617967188358307,-2.65146907417167
12.27,0.170398384332657,-0.618446469306946,-2.65648451061983
12.28,0.169163078069687,-0.618875861167908,-2.66147228701676
12.29,0.167921811342239,-0.619402587413788,-2.66643183200984
12.3,0.166614025831223,-0.620022177696228,-2.67138968667154
12.31,0.163947194814682,-0.621147751808167,-2.67634794824043
12.32,0.162628784775734,-0.621695220470428,-2.68132626391371
12.33,0.161266162991524,-0.622353315353394,-2.68633024139916
12.34,0.159920752048492,-0.623080849647522,-2.69137804468838
12.35,0.158614531159401,-0.62377142906189,-2.69642732598902
12.36,0.156004667282104,-0.625122964382172,-2.7014665092173
12.37,0.154703751206398,-0.625950217247009,-2.70647096584447
12.38,0.153333947062492,-0.626802742481232,-2.71147370763425
12.39,0.152109652757645,-0.62751442193985,-2.71647397800289
12.4,0.150840073823929,-0.628046989440918,-2.72152749840388
12.41,0.148052781820297,-0.629002094268799,-2.7265930867782
12.42,0.146651104092598,-0.629544913768768,-2.73163604708477
12.43,0.145350739359856,-0.63002872467041,-2.73663970597141
12.44,0.143935158848763,-0.630380690097809,-2.74162602996789
12.45,0.142386764287949,-0.630696594715118,-2.74667079831115
12.46,0.139572843909264,-0.631593286991119,-2.75169654977069
12.47,0.138199299573898,-0.632152140140533,-2.75673639118223
12.48,0.136724084615707,-0.632684528827667,-2.76177727461765
12.49,0.135233759880066,-0.633184790611267,-2.76685450548476
12.5,0.133907869458199,-0.633744418621063,-2.77190144855009
12.51,0.131354510784149,-0.635164797306061,-2.7770230650771
12.52,0.129838660359383,-0.635743319988251,-2.78214398080278
12.53,0.128396824002266,-0.636258959770203,-2.78725057052706
12.54,0.127111285924911,-0.636837601661682,-2.79234360432142
12.55,0.12571008503437,-0.637437999248505,-2.79746428801673
12.56,0.122711703181267,-0.638578593730927,-2.80261732867736
12.57,0.121289737522602,-0.639083921909332,-2.80774040919995
12.58,0.119908586144447,-0.639484584331512,-2.81289506560115
12.59,0.118508271872997,-0.639778852462769,-2.81804439952707
12.6,0.117039695382118,-0.640061914920807,-2.82317845312741
12.61,0.11414098739624,-0.640729963779449,-2.8283196750583
12.62,0.112641982734203,-0.640969812870026,-2.83344094738252
12.63,0.11108860373497,-0.641226530075073,-2.83857737716096
12.64,0.10964746773243,-0.641607105731964,-2.84370607167394
12.65,0.108199872076511,-0.64208048582077,-2.84884139818285
12.66,0.1052291020751,-0.642903029918671,-2.85390623004973
12.67,0.103750959038734,-0.643402695655823,-2.85903428343122
12.68,0.102452747523785,-0.644082248210907,-2.86414823355018
12.69,0.101209059357643,-0.644722521305084,-2.86925749518323
12.7,0.0999217554926872,-0.645229399204254,-2.874419444797
12.71,0.0972255989909172,-0.6461261510849,-2.87953255052898
12.72,0.0959090739488602,-0.646595239639282,-2.88465744382459
12.73,0.094625324010849,-0.647034585475922,-2.88980009900542
12.74,0.0932884365320206,-0.647343695163727,-2.89495141339042
12.75,0.0919321924448013,-0.647546231746674,-2.9000660919349
12.76,0.0890586003661156,-0.647968649864197,-2.90520924427716
12.77,0.0876133367419243,-0.648266553878784,-2.91033532278303
12.78,0.0861658230423927,-0.648540794849396,-2.91540275983955
12.79,0.0846463665366173,-0.648707985877991,-2.92044255838461
12.8,0.0830299630761147,-0.648838698863983,-2.92548185455827
12.81,0.0799811258912086,-0.649510383605957,-2.93047906831749
12.82,0.0784562602639198,-0.649851381778717,-2.93543855051332
12.83,0.0768509656190872,-0.650131940841675,-2.94043313311279
12.84,0.0754189938306808,-0.650430798530579,-2.94545819317762
12.85,0.0741191580891609,-0.650744616985321,-2.95043973140845
12.86,0.0713219419121742,-0.651407837867737,-2.95543031527638
12.87,0.0699036940932274,-0.651743590831757,-2.96044023306965
12.88,0.0686775371432304,-0.651998043060303,-2.96549814516508
12.89,0.0673771724104881,-0.652251303195953,-2.97060994716564
12.9,0.0659719482064247,-0.65254932641983,-2.97574376338361
12.91,0.0628723353147507,-0.653035461902618,-2.98091730376684
12.92,0.0613730885088444,-0.653189420700073,-2.98611093861451
12.93,0.0598849132657051,-0.653313219547272,-2.99128822485437
12.94,0.0582873895764351,-0.653531014919281,-2.99644488470761
12.95,0.0566680766642094,-0.653781890869141,-3.00161711272164
12.96,0.0536000058054924,-0.654103517532349,-3.00682958484214
12.97,0.0520632341504097,-0.654197335243225,-3.01202718779528
12.98,0.0505274124443531,-0.65436053276062,-3.01719702301807
12.99,0.049038965255022,-0.654638528823853,-3.02233087281216
13,0.0476195812225342,-0.654870271682739,-3.02741605335223
13.01,0.0446808747947216,-0.654983878135681,-3.03248519288669
13.02,0.0433429777622223,-0.655117869377136,-3.03758526204047
13.03,0.0420011095702648,-0.655305683612823,-3.04267817118141
13.04,0.0406247600913048,-0.655425131320953,-3.04780401395534
13.05,0.0391799509525299,-0.655470311641693,-3.05293103362308
13.06,0.0361393950879574,-0.655840158462524,-3.05805356116776
13.07,0.0347059145569801,-0.656140029430389,-3.06318739973416
13.08,0.0331780761480331,-0.656347215175629,-3.06835861127302
13.09,0.0316136814653873,-0.656460344791412,-3.07348201689417
13.1,0.030010562390089,-0.65652996301651,-3.07858387702028
13.11,0.0269796885550022,-0.656753480434418,-3.08369319638779
13.12,0.0255419295281172,-0.656756460666656,-3.08878840933291
13.13,0.0240455660969019,-0.656667649745941,-3.09386235511366
13.14,0.0226481035351753,-0.656576573848724,-3.09890569501251
13.15,0.0212306044995785,-0.656566977500916,-3.10397124024702
13.16,0.0185380429029465,-0.656672596931458,-3.10901161501305
13.17,0.0172058679163456,-0.656741261482239,-3.11404770692183
13.18,0.0157961826771498,-0.656779706478119,-3.11907959684111
13.19,0.0144856059923768,-0.656795680522919,-3.12412212121757
13.2,0.0131598645821214,-0.65685772895813,-3.12915327777897
13.21,0.0101424865424633,-0.65695720911026,-3.13419014565593
13.22,0.00865613110363483,-0.656888425350189,-3.1392192132274
13.23,0.00715843960642815,-0.656806588172913,-3.14429599313369
13.24,0.00563128851354122,-0.656771302223206,-3.1494143624471
13.25,0.00401350855827332,-0.656763315200806,-3.15458778241591
13.26,0.000682208687067032,-0.656593322753906,-3.15970572292475
13.27,-0.000937036180403084,-0.656461894512177,-3.16473084182773
13.28,-0.00253312499262393,-0.656395852565765,-3.16958618126109
13.29,-0.00408504577353597,-0.656357645988464,-3.17430517082258
13.3,-0.00534659391269088,-0.656238973140717,-3.17889399773486
13.31,-0.000372858310583979,-0.656837046146393,-3.18254328400511
13.32,-0.000530862249433994,-0.656913459300995,-3.18578076162654
13.33,-0.000785897485911846,-0.65692412853241,-3.18857162636707
13.34,-0.000970735680311918,-0.656883418560028,-3.19089961487199
13.35,-0.00115175149403512,-0.656769037246704,-3.19273640021525
13.36,-0.0012348834425211,-0.656649887561798,-3.19376032254282
13.37,-0.00133674358949065,-0.656556308269501,-3.19443491452085
13.38,-0.00147187523543835,-0.656412839889526,-3.19488288655636
13.39,-0.00153135438449681,-0.656228959560394,-3.19511845062991
13.4,-0.00152248376980424,-0.656029462814331,-3.19513836255048
13.41,-0.00147622858639807,-0.65590763092041,-3.19525849182665
13.42,-0.00138195790350437,-0.655880630016327,-3.19536930456558
13.43,-0.00132211996242404,-0.655911028385162,-3.19544868874288
13.44,-0.00122588034719229,-0.655957341194153,-3.19549838757195
13.45,-0.0012284149415791,-0.656047582626343,-3.19554797166538
13.46,-0.00112552754580975,-0.656234323978424,-3.19559982756267
13.47,-0.00102442316710949,-0.656436443328857,-3.19565660878113
13.48,-0.000942321261391044,-0.656528115272522,-3.19567398615454
13.49,-0.000963310478255153,-0.656567931175232,-3.19565791312894
13.5,-0.000996676739305258,-0.656664490699768,-3.19564188927354
13.51,-0.00100799836218357,-0.656798958778381,-3.19561631359586
13.52,-0.000956242904067039,-0.656835913658142,-3.19559202653248
13.53,-0.0010004760697484,-0.656737565994263,-3.19557825783943
13.54,-0.0011654847767204,-0.656580090522766,-3.19558369784122
13.55,-0.00117698044050485,-0.656543612480164,-3.19559413290618
13.56,-0.00119893869850785,-0.65641576051712,-3.19560404213835
13.57,-0.00131114013493061,-0.656264841556549,-3.19559415597684
13.58,-0.00132241146638989,-0.65615838766098,-3.19559968225116
13.59,-0.00122719677165151,-0.656129002571106,-3.1956227509374
13.6,-0.00114362221211195,-0.656655251979828,-3.19562908869314
13.61,-0.00112681451719254,-0.656634569168091,-3.19563944251903
13.62,-0.00113832938950509,-0.656559884548187,-3.1956412157142
13.63,-0.00119018345139921,-0.656523287296295,-3.19563918958258
13.64,-0.00117684900760651,-0.656469166278839,-3.19563546683899
13.65,-0.00114219449460506,-0.656350016593933,-3.19562382270925
13.66,-0.00113703054375947,-0.656249105930328,-3.19560497552726
13.67,-0.001175198238343,-0.656217217445374,-3.19560189506787
13.68,-0.00117223698180169,-0.656189262866974,-3.19559688228171
13.69,-0.00115062389522791,-0.656142175197601,-3.19559130301449
13.7,-0.00113916280679405,-0.656125724315643,-3.19558107919468
13.71,-0.00112890405580401,-0.656179249286652,-3.1955577820057
13.72,-0.00111310882493854,-0.656273603439331,-3.19554506023041
13.73,-0.00112275569699705,-0.656297206878662,-3.1955334069311
13.74,-0.00113581656478345,-0.656323611736298,-3.19552695458681
13.75,-0.00114242476411164,-0.656441390514374,-3.19552180093512
13.76,-0.00110652251169086,-0.656554281711578,-3.19552734650584
13.77,-0.00111474888399243,-0.656528949737549,-3.19553296921512
13.78,-0.00113962823525071,-0.65643972158432,-3.19553923471167
13.79,-0.00118865608237684,-0.656464755535126,-3.19554025129174
13.8,-0.00114675471559167,-0.656560182571411,-3.19554759675529
13.81,-0.00111502304207534,-0.656543374061584,-3.1955512992234
13.82,-0.00112020561937243,-0.656407177448273,-3.19555302066545
13.83,-0.00114053941797465,-0.656302094459534,-3.19556001526217
13.84,-0.00114864367060363,-0.656337738037109,-3.19556293952175
13.85,-0.00112787378020585,-0.656323850154877,-3.19556356080849
13.86,-0.00113145774230361,-0.656199634075165,-3.19556026645131
13.87,-0.0011733858846128,-0.656176328659058,-3.1955679292457
13.88,-0.00109084416180849,-0.656244695186615,-3.19556230612291
13.89,-0.00112289562821388,-0.656319916248322,-3.19555301512894
13.9,-0.00117171369493008,-0.65631777048111,-3.19553223112356
13.91,-0.00120172090828419,-0.656301200389862,-3.19552060218013
13.92,-0.0011461628600955,-0.656339824199677,-3.19551260177153
13.93,-0.00111361395101994,-0.656380474567413,-3.19551487166252
13.94,-0.00114900118205696,-0.656429767608643,-3.1955184074186
13.95,-0.00114639801904559,-0.656466662883759,-3.19551954209205
13.96,-0.00118128466419876,-0.656469345092773,-3.19552954826354
13.97,-0.00111890234984457,-0.656444609165192,-3.19551954278604
13.98,-0.00109094730578363,-0.656401991844177,-3.1955227599041
13.99,-0.00112497340887785,-0.65643721818924,-3.19553405575107
14,-0.00114254048094153,-0.65641725063324,-3.19555059712489
14.01,-0.001122803427279,-0.656322598457336,-3.19555284138191
14.02,-0.00114778196439147,-0.656272232532501,-3.19554759644185
14.03,-0.00112159363925457,-0.656288921833038,-3.19554024875398
14.04,-0.00113082909956574,-0.656336784362793,-3.19553389290102
14.05,-0.00114630348980427,-0.656333088874817,-3.19553309232679
14.06,-0.00119291455484927,-0.656307816505432,-3.19552100394197
14.07,-0.00114541314542294,-0.656270146369934,-3.19552389828964
14.08,-0.00115787191316485,-0.6562819480896,-3.1955256757737
14.09,-0.00117283628787845,-0.656352341175079,-3.19551957752339
14.1,-0.00112532486673445,-0.656397342681885,-3.195515795543
14.11,-0.0011009736917913,-0.656336903572083,-3.19552154221651
14.12,-0.00117454177234322,-0.656350016593933,-3.1955289867418
14.13,-0.00114413932897151,-0.656419277191162,-3.19554422420541
14.14,-0.00109133101068437,-0.656454682350159,-3.19555088788539
14.15,-0.00105110043659806,-0.656378924846649,-3.19554494875144
14.16,-0.00112133752554655,-0.656311511993408,-3.19554547049884
14.17,-0.00118922023102641,-0.656356513500214,-3.19554591441613
14.18,-0.00115687726065516,-0.65644109249115,-3.19553730555409
14.19,-0.00107555091381073,-0.656412065029144,-3.19553488792172
14.2,-0.00108480989001691,-0.656319856643677,-3.19552765678876
14.21,-0.00118505395948887,-0.656246602535248,-3.19552541306187
14.22,-0.00120974611490965,-0.656295716762543,-3.19553000118977
14.23,-0.00110148405656219,-0.656407415866852,-3.19551295462978
14.24,-0.00117324839811772,-0.656322836875916,-3.19550665836498
14.25,-0.00119956070557237,-0.65625661611557,-3.19551685533299
14.26,-0.00113351130858064,-0.656311273574829,-3.19552223900002
14.27,-0.00107032852247357,-0.65638256072998,-3.19552004590242
14.28,-0.00114967301487923,-0.656399071216583,-3.19551766777355
14.29,-0.00120123254600912,-0.656360387802124,-3.19551179237053
14.3,-0.00113196484744549,-0.656337320804596,-3.19552099442349
14.31,-0.00105815008282661,-0.656364738941193,-3.19551948496049
14.32,-0.00109670124948025,-0.656399190425873,-3.19550940941841
14.33,-0.00116921914741397,-0.656407058238983,-3.19551742191567
14.34,-0.00115902349352837,-0.656410753726959,-3.19552650758637
14.35,-0.00109372450970113,-0.656360983848572,-3.19552677884408
14.36,-0.00114271882921457,-0.656366884708405,-3.19552166757353
14.37,-0.00117785332258791,-0.656375646591187,-3.1955191758915
14.38,-0.00112648075446486,-0.656354010105133,-3.1955246138581
14.39,-0.00112620042636991,-0.656328976154327,-3.19553585048317
14.4,-0.0011476706713438,-0.656325340270996,-3.19551979971113
14.41,-0.00117643410339952,-0.656335055828094,-3.19552428911274
14.42,-0.00115573359653354,-0.656343638896942,-3.19552817970893
14.43,-0.00110440771095455,-0.656345188617706,-3.19553286259543
14.44,-0.00114403525367379,-0.656335055828094,-3.19552237552354
14.45,-0.00117052812129259,-0.656335234642029,-3.19551523014293
14.46,-0.00117028085514903,-0.656343996524811,-3.1955270234246
14.47,-0.00108589511364698,-0.656359672546387,-3.19552678450277
14.48,-0.00111113139428198,-0.656412541866302,-3.19552882512116
14.49,-0.00113800202962011,-0.656384170055389,-3.19552568831676
14.5,-0.00114930886775255,-0.656370520591736,-3.19553215635337
14.51,-0.00112430052831769,-0.656389772891998,-3.1955362169798
14.52,-0.00112124544102699,-0.656388938426971,-3.19554271799143
14.53,-0.0011015092022717,-0.656332790851593,-3.19552694596975
14.54,-0.00114175886847079,-0.656305611133575,-3.1955264714266
14.55,-0.00117620616219938,-0.656334400177002,-3.19553761991517
14.56,-0.00115942116826773,-0.65638256072998,-3.19553711046394
14.57,-0.00111370906233788,-0.656380236148834,-3.19553665279708
14.58,-0.00109125697053969,-0.656322360038757,-3.19553024494932
14.59,-0.00112028792500496,-0.656295239925385,-3.1955178212866
14.6,-0.00113140710163862,-0.656345307826996,-3.19552523269532
14.61,-0.00109946727752686,-0.656366944313049,-3.19551651138809
14.62,-0.00111896824091673,-0.656370282173157,-3.19550610101915
14.63,-0.00115702440962195,-0.656333446502686,-3.19551491831282
14.64,-0.00115332857239991,-0.656318008899689,-3.19552324873031
14.65,-0.00110281025990844,-0.656358540058136,-3.19552287522324
14.66,-0.00110071524977684,-0.656403660774231,-3.19550990312606
14.67,-0.00114331033546478,-0.656395792961121,-3.19551023218118
14.68,-0.00116761680692434,-0.656367778778076,-3.19552072782787
14.69,-0.00110110361129045,-0.656355619430542,-3.19553109533835
14.7,-0.00107683765236288,-0.656350374221802,-3.19552659091528
14.71,-0.00110661273356527,-0.656350612640381,-3.19553054187161
14.72,-0.00118084612768143,-0.656365513801575,-3.19554979631965
14.73,-0.00108866719529033,-0.656339585781097,-3.19554520729202
14.74,-0.00107937341090292,-0.656318426132202,-3.19552791103904
14.75,-0.00115161458961666,-0.656323432922363,-3.19550851007436
14.76,-0.00118275813292712,-0.656347572803497,-3.19551670377417
14.77,-0.0011214567348361,-0.656382083892822,-3.19552245751267
14.78,-0.00110979145392776,-0.656364440917969,-3.19550827732628
14.79,-0.00111979071516544,-0.656324028968811,-3.19549548438615
14.8,-0.00115827086847275,-0.65631103515625,-3.19549240624067
14.81,-0.0011475863866508,-0.656376361846924,-3.1954961746348
14.82,-0.00110974779818207,-0.656408250331879,-3.19549180179392
14.83,-0.00109677796717733,-0.6563880443573,-3.19549827465524
14.84,-0.00115618633572012,-0.656327605247498,-3.19550006100928
14.85,-0.00109990080818534,-0.656379222869873,-3.19551910532013
14.86,-0.001071373000741,-0.656406819820404,-3.19551807853371
14.87,-0.00110634113661945,-0.656371116638184,-3.19551247911664
14.88,-0.00120069924741983,-0.656328499317169,-3.19551831900811
14.89,-0.0011672955006361,-0.656337201595306,-3.1955365826208
14.9,-0.00111391756217927,-0.656381726264954,-3.19554704004207
14.91,-0.00106015882920474,-0.656354427337646,-3.19554035133766
14.92,-0.00112758483737707,-0.656307995319366,-3.19553136953269
14.93,-0.00119073502719402,-0.656330823898315,-3.19552704931423
14.94,-0.00113462097942829,-0.656375348567963,-3.19554297279544
14.95,-0.00108642678242177,-0.656390011310577,-3.19553265355809
14.96,-0.00107603159267455,-0.656370997428894,-3.1955265267827
14.97,-0.00116959773004055,-0.656327545642853,-3.19552618650043
14.98,-0.00112565350718796,-0.656358480453491,-3.19553460151881
14.99,-0.00109422160312533,-0.656380653381348,-3.19553009805694
15,-0.00112612312659621,-0.656350493431091,-3.19551781923869
15.01,-0.00117893808055669,-0.656324923038483,-3.19552174858368
15.02,-0.00111967604607344,-0.656339049339294,-3.19552009084929
15.03,-0.00108319090213627,-0.656369507312775,-3.19552633814184
15.04,-0.00112428935244679,-0.656337916851044,-3.19551357966769
15.05,-0.00119712809100747,-0.656353414058685,-3.19551630536255
15.06,-0.0011768062831834,-0.656400382518768,-3.19552090800732
15.07,-0.00109319249168038,-0.656375885009766,-3.19552384617728
15.08,-0.00108357798308134,-0.656321823596954,-3.19551520716226
15.09,-0.00110872543882579,-0.656330823898315,-3.19550729528043
15.1,-0.00120297900866717,-0.656377196311951,-3.19551539169118
15.11,-0.00107543438207358,-0.656346142292023,-3.19551912946046
15.12,-0.00106286304071546,-0.656315088272095,-3.19551329880599
15.13,-0.00115173473022878,-0.656306564807892,-3.19549873544477
15.14,-0.00122275773901492,-0.656349778175354,-3.19550842166294
15.15,-0.001113535836339,-0.656373977661133,-3.1955118115058
15.16,-0.0010590641759336,-0.656344473361969,-3.19551420723085
15.17,-0.00110636232420802,-0.656323134899139,-3.19551218446945
15.18,-0.00121076079085469,-0.656330764293671,-3.19551609046064
15.19,-0.00115204369649291,-0.656370282173157,-3.19553058802436
15.2,-0.00104216020554304,-0.656377077102661,-3.19554795520342
15.21,-0.00106944004073739,-0.656357169151306,-3.19555200361047
15.22,-0.00117011647671461,-0.656352281570435,-3.19556125571298
15.23,-0.00108423177152872,-0.656376898288727,-3.19558089958698
15.24,-0.00101778283715248,-0.656394243240356,-3.19558833399841
15.25,-0.00110134517308325,-0.656377077102661,-3.1955809484996
15.26,-0.00124582182615995,-0.65634024143219,-3.19558216869697
15.27,-0.00117449322715402,-0.656334459781647,-3.19558029845654
15.28,-0.00107142329216003,-0.656366407871246,-3.19556717116426
15.29,-0.0010443483479321,-0.656380653381348,-3.19555763230309
15.3,-0.00114872655831277,-0.656351864337921,-3.19554162071015
15.31,-0.00120295211672783,-0.656314253807068,-3.19552256567908
15.32,-0.00115286710206419,-0.656343936920166,-3.19551945714117
