0,0,0,NaN
0.01,-0.000651039183139801,0.0304076541215181,NaN
0.02,-0.000651039183139801,0.0304076541215181,NaN
0.03,-0.000584159977734089,0.0303789339959621,NaN
0.04,-0.000630056252703071,0.0304763186722994,NaN
0.05,-0.000688951229676604,0.0304525811225176,NaN
0.06,-0.00062609015731141,0.0303816702216864,NaN
0.07,-0.000587857561185956,0.0303632356226444,NaN
0.08,-0.00060949579346925,0.0304303169250488,NaN
0.09,-0.00067459704587236,0.0304813105612993,NaN
0.1,-0.000618717167526484,0.0304025523364544,-0.0528218156139626
0.11,-0.000588069669902325,0.030396930873394,-0.052826786364475
0.12,-0.000597966951318085,0.0304416511207819,-0.0528220257251939
0.13,-0.000606388668529689,0.0304810237139463,-0.0528071175468725
0.14,-0.000622466031927615,0.0304349102079868,-0.0528128811829322
0.15,-0.000618351972661912,0.0303771067410707,-0.0528148047244046
0.16,-0.000619486323557794,0.030357800424099,-0.0528217296443838
0.17,-0.000670956505928189,0.0303726382553577,-0.0528346379364883
0.18,-0.000623461208306253,0.0304142311215401,-0.0528428727426326
0.19,-0.00061188091058284,0.0304243713617325,-0.0528275520059125
0.2,-0.00067561271134764,0.0303872413933277,-0.052813905222347
0.21,-0.000656696385703981,0.0304004121571779,-0.0528143945097915
0.22,-0.000581746106036007,0.030459325760603,-0.0528290561531978
0.23,-0.000561398221179843,0.0305089876055717,-0.0528343482958974
0.24,-0.000690684712026268,0.0303492899984121,-0.0528327676899525
0.25,-0.000657905184198171,0.0303935185074806,-0.0528340818522985
0.26,-0.000608073954936117,0.030524929985404,-0.0528184715136119
0.27,-0.000614991178736091,0.0305416416376829,-0.0528032317828326
0.28,-0.000601404113695025,0.0305040087550879,-0.0527981039481579
0.29,-0.000639301491901278,0.0305186863988638,-0.0528037333994504
0.3,-0.000622472027316689,0.0303954873234034,-0.0528186315151493
0.31,-0.000533764774445444,0.0303187482059002,-0.052829446846328
0.32,-0.000555542355868965,0.0303839202970266,-0.0528244469300447
0.33,-0.000649079505819827,0.0304756090044975,-0.0528324618572543
0.34,-0.000714076508302242,0.030463857576251,-0.0528440567430382
0.35,-0.000643586623482406,0.0303794015198946,-0.0528460421415877
0.36,-0.000545408576726913,0.0303644686937332,-0.0528510486967024
0.37,-0.000681804842315614,0.0304874405264854,-0.0528500326796063
0.38,-0.00071662082336843,0.0304955989122391,-0.052846417129586
0.39,-0.000629058456979692,0.0304241105914116,-0.0528498662150828
0.4,-0.000536717823706567,0.0303648728877306,-0.0528378095936295
0.41,-0.000554158992599696,0.0303816143423319,-0.0528166842142277
0.42,-0.000652989256195724,0.0304533243179321,-0.0528145528732341
0.43,-0.00068562594242394,0.0304900649935007,-0.0528118043701661
0.44,-0.000568147806916386,0.0304437633603811,-0.0527968531168463
0.45,-0.000546756549738348,0.0303440820425749,-0.0527950092139823
0.46,-0.000624137523118407,0.030353469774127,-0.0527993201046487
0.47,-0.000693369656801224,0.0304490029811859,-0.0528072033772602
0.48,-0.000635913980659097,0.0305180568248034,-0.0528150833333113
0.49,-0.000571340613532811,0.0303655657917261,-0.0528071433613236
0.5,-0.000682711135596037,0.0303976014256477,-0.0528236703675083
0.51,-0.000691969122271985,0.0304891299456358,-0.0528572204353445
0.52,-0.00054518150864169,0.0305075664073229,-0.052867951665505
0.53,-0.000514836166985333,0.030457129701972,-0.0528720079514438
0.54,-0.000720222829841077,0.0303565915673971,-0.0528733245539296
0.55,-0.000661342579405755,0.0304065458476543,-0.0528629470793598
0.56,-0.000580556283239275,0.0304720271378756,-0.0528493295749266
0.57,-0.00058356299996376,0.0304620638489723,-0.0528507389698867
0.58,-0.000667495536617935,0.0303986184298992,-0.0528539329138608
0.59,-0.000604894128628075,0.0304306950420141,-0.0528635595863794
0.6,-0.000577720697037876,0.0304809045046568,-0.0528549994107979
0.61,-0.000621305080130696,0.0304722711443901,-0.0528360328486965
0.62,-0.00064299046061933,0.030407203361392,-0.0528309028279141
0.63,-0.0005968680488877,0.0303727276623249,-0.0528286317746216
0.64,-0.000647695851512253,0.030503798276186,-0.0528347144316808
0.65,-0.000690682325512171,0.0304846372455359,-0.0528524057991652
0.66,-0.000639848411083221,0.03039425984025,-0.0528633332612338
0.67,-0.000552747980691493,0.0303908884525299,-0.0528591592448457
0.68,-0.000556687358766794,0.0304265078157187,-0.0528510741972124
0.69,-0.000703313970007002,0.0304260645061731,-0.0528429725762338
0.7,-0.00062939606141299,0.0303632225841284,-0.0528387005641739
0.71,-0.000499518238939345,0.0303383879363537,-0.0528297086741423
0.72,-0.000505043426528573,0.0303996633738279,-0.0528133086134651
0.73,-0.000675583723932505,0.0304776877164841,-0.0528104038361628
0.74,-0.000607912719715387,0.0304319486021996,-0.0528106880455652
0.75,-0.000542974565178156,0.0303536709398031,-0.0527996793242849
0.76,-0.000641423452179879,0.030375886708498,-0.0527966778325897
0.77,-0.000705137150362134,0.0304615348577499,-0.052794235396473
0.78,-0.000638295256067067,0.0305007304996252,-0.0528015102749861
0.79,-0.000608798116445541,0.0303320232778788,-0.0528107067172221
0.8,-0.000703748548403382,0.0303619168698788,-0.0528209968346697
0.81,-0.000670582638122141,0.0304826591163874,-0.0528356771602012
0.82,-0.000540675478987396,0.0305097065865993,-0.0528468707398415
0.83,-0.000552565848920494,0.030433589592576,-0.0528379772407438
0.84,-0.000702254881616682,0.0304215829819441,-0.0528337957315391
0.85,-0.000608522212132812,0.0304798781871796,-0.052834653982058
0.86,-0.000533038866706192,0.0304804127663374,-0.0528331825834999
0.87,-0.000635519973002374,0.030444024130702,-0.0528378143890026
0.88,-0.000684705504681915,0.0304083470255136,-0.0528355534902143
0.89,-0.000588395399972796,0.0304480437189341,-0.0528243646953142
0.9,-0.000618792022578418,0.0304271299391985,-0.0528104478259236
0.91,-0.000630378723144531,0.0304241590201855,-0.0528038136110316
0.92,-0.000588597846217453,0.030405830591917,-0.0528173172215742
0.93,-0.000575991056393832,0.0303929913789034,-0.0528231624148127
0.94,-0.000668528547976166,0.0304260831326246,-0.0528264904568258
0.95,-0.00066286779474467,0.0304501131176949,-0.0528394734234191
0.96,-0.00059838907327503,0.0304247047752142,-0.052850490031532
0.97,-0.000588512164540589,0.0303775146603584,-0.0528496742664853
0.98,-0.000619047263171524,0.0303684920072556,-0.0528316640635331
0.99,-0.000644317013211548,0.0304597392678261,-0.0528288736972562
1,-0.000603166990913451,0.0304553490132093,-0.0528380349176787
1.01,-0.000582007574848831,0.0304361451417208,-0.0528345456253371
1.02,-0.000581681670155376,0.0304697807878256,-0.0528293610578183
1.03,-0.00062908761901781,0.0304809454828501,-0.0528379681734684
1.04,-0.000629459624178708,0.0303645208477974,-0.0528282778028954
1.05,-0.000562306668143719,0.0303598158061504,-0.0528193005395526
1.06,-0.000649668509140611,0.030417051166296,-0.0528333742066843
1.07,-0.000675595831125975,0.0304440800100565,-0.0528532599387171
1.08,-0.000634182128123939,0.03043850697577,-0.0528721861628681
1.09,-0.000601366336923093,0.0303951576352119,-0.0528789644103944
1.1,-0.000605722074396908,0.0303847510367632,-0.0528750265931359
1.11,-0.000584895722568035,0.0304236672818661,-0.0528653529331536
1.12,-0.000627412635367364,0.0304430834949017,-0.0528587015968892
1.13,-0.00061410665512085,0.0304342675954103,-0.0528504058196162
1.14,-0.000614457705523819,0.0303913187235594,-0.0528620056600371
1.15,-0.00062225159490481,0.0304372943937778,-0.0528693510266828
1.16,-0.000633310934063047,0.0304563622921705,-0.0528721010251272
1.17,-0.000593087985180318,0.030449703335762,-0.0528596853437462
1.18,-0.000618975900579244,0.0304108895361423,-0.0528541459331499
1.19,-0.00069768272805959,0.0304424427449703,-0.0528587239674634
1.2,-0.000569727330002934,0.0304740201681852,-0.0528597851845148
1.21,-0.000549012096598744,0.030439518392086,-0.0528766217686038
1.22,-0.000624118954874575,0.0304096918553114,-0.0528850778711583
1.23,-0.00067768624285236,0.0304307155311108,-0.0528872136030746
1.24,-0.000576167949475348,0.0304004047065973,-0.0528772033144521
1.25,-0.000619015074335039,0.0303577277809381,-0.0528664177684919
1.26,-0.000620992737822235,0.0303869415074587,-0.0528378870019603
1.27,-0.000638725876342505,0.0304377134889364,-0.0528299589827135
1.28,-0.000569814466871321,0.0304266232997179,-0.0528266993998361
1.29,-0.000663788348902017,0.0304326973855495,-0.0528197837742582
1.3,-0.000627029337920249,0.0304751470685005,-0.0528159760800661
1.31,-0.000574795238208026,0.0304556731134653,-0.0528089025730207
1.32,-0.000587452319450676,0.0304131917655468,-0.0528055786680206
1.33,-0.000669709756039083,0.03038683347404,-0.0528001363795598
1.34,-0.000561603344976902,0.0304281990975142,-0.0528083236153816
1.35,-0.000610588642302901,0.0304183848202229,-0.0528057878593276
1.36,-0.000653017777949572,0.0304346159100533,-0.052812317010654
1.37,-0.000635103671811521,0.0304481443017721,-0.0528095674646299
1.38,-0.000622482039034367,0.030417850241065,-0.052813459001151
1.39,-0.00061543588526547,0.0304012335836887,-0.052809827400257
1.4,-0.000642131839413196,0.0304442178457975,-0.0528189416874754
1.41,-0.0006236209301278,0.0304520893841982,-0.0528270995021972
1.42,-0.000649510067887604,0.0304321013391018,-0.0528214553431039
1.43,-0.000640991434920579,0.030434612184763,-0.052828987257505
1.44,-0.000618518854025751,0.0304254218935966,-0.0528342800954952
1.45,-0.000600579776801169,0.0303996317088604,-0.0528389196919461
1.46,-0.000616263132542372,0.0303766783326864,-0.0528295212409078
1.47,-0.000610057089943439,0.0304048601537943,-0.0528233321177301
1.48,-0.000615478260442615,0.030428696423769,-0.0528226703089564
1.49,-0.000620216713286936,0.0303826928138733,-0.0528125047880946
1.5,-0.000594417506363243,0.0303976107388735,-0.0528041098146885
1.51,-0.000592673779465258,0.0304367356002331,-0.0528067147179441
1.52,-0.000619960715994239,0.0304423216730356,-0.0528171992909249
1.53,-0.000657215772662312,0.0304116010665894,-0.0528194736336228
1.54,-0.00062955537578091,0.0304212346673012,-0.0528196058764802
1.55,-0.000593877746723592,0.0304517075419426,-0.0528224491473531
1.56,-0.000638692115899175,0.0304593276232481,-0.0528313282962993
1.57,-0.000645003106910735,0.0304735526442528,-0.052837362928995
1.58,-0.000629346061032265,0.0304583627730608,-0.0528392064699903
1.59,-0.000616580538917333,0.0303979106247425,-0.052844027713734
1.6,-0.00062199926469475,0.0304680243134499,-0.0528328036570024
1.61,-0.000607885885983706,0.0304836742579937,-0.0528262320253434
1.62,-0.000641700462438166,0.0304376315325499,-0.0528271636982182
1.63,-0.000657216762192547,0.0303536430001259,-0.0528100217451142
1.64,-0.00059472507564351,0.0304480344057083,-0.0527973528902732
1.65,-0.000575609679799527,0.0304637867957354,-0.0528026999914111
1.66,-0.000594052369706333,0.0303948745131493,-0.0528133886590312
1.67,-0.000589096860494465,0.0303760021924973,-0.0528047513235218
1.68,-0.000651340815238655,0.0304210148751736,-0.0528186024429633
1.69,-0.000625351676717401,0.030403608456254,-0.0528384840268193
1.7,-0.000583504617679864,0.0303892903029919,-0.0528559684219661
1.71,-0.000599010207224637,0.0304351057857275,-0.0528480880435646
1.72,-0.000647060747724026,0.0304732136428356,-0.0528333105802856
1.73,-0.000680899538565427,0.0304482150822878,-0.0528449737126133
1.74,-0.000614247284829617,0.0304482579231262,-0.0528412435519853
1.75,-0.000601309526246041,0.0304433964192867,-0.0528258090595249
1.76,-0.00061902473680675,0.0304096452891827,-0.0528146500302934
1.77,-0.000646713771857321,0.0303970612585545,-0.0528151530650642
1.78,-0.000664500519633293,0.0304375253617764,-0.0527921786177309
1.79,-0.000584850437007844,0.0304256398230791,-0.0527804358800074
1.8,-0.000602802610956132,0.0303589608520269,-0.0527687775565686
1.81,-0.000622168940026313,0.0303823221474886,-0.0527660717097223
1.82,-0.000654485076665878,0.0304380469024181,-0.0527635338694568
1.83,-0.000636077544186264,0.0304415002465248,-0.0527635367601148
1.84,-0.00060758733889088,0.0303653385490179,-0.0527701467766311
1.85,-0.000614682619925588,0.0304130855947733,-0.0527729714618069
1.86,-0.000626464898232371,0.0305016096681356,-0.0527767831588386
1.87,-0.000632845913060009,0.0304932706058025,-0.0527905374165516
1.88,-0.00063743517966941,0.030369745567441,-0.05280019558089
1.89,-0.000574372941628098,0.0304019991308451,-0.052801070153054
1.9,-0.000590025039855391,0.0304995384067297,-0.0528047921931528
1.91,-0.000620048493146896,0.0305028315633535,-0.0528074492758045
1.92,-0.000647356268018484,0.030414242297411,-0.052809911976039
1.93,-0.000633075833320618,0.0303726643323898,-0.052812097744286
1.94,-0.000621763872914016,0.0305014606565237,-0.0528148315321221
1.95,-0.000669260742142797,0.030480794608593,-0.0528314428168263
1.96,-0.000623814295977354,0.0304066333919764,-0.0528157874174503
1.97,-0.000601743988227099,0.0303548295050859,-0.0527978263210302
1.98,-0.000633251271210611,0.030368946492672,-0.0527896672636277
1.99,-0.000630126567557454,0.0304685737937689,-0.0528150699313996
2,-0.000562745961360633,0.0304555129259825,-0.0528352802708642
2.01,-0.000607944210059941,0.0303962603211403,-0.0528540057668044
2.02,-0.000669325585477054,0.0303754918277264,-0.0528660944433574
2.03,-0.000637161312624812,0.0304527934640646,-0.0528585286472975
2.04,-0.000609885551966727,0.030426574870944,-0.0528655768453162
2.05,-0.000658145872876048,0.0303540173918009,-0.0528440441790401
2.06,-0.00060101697454229,0.0304209645837545,-0.0528481207253267
2.07,-0.000595821300521493,0.030470410361886,-0.0528684014050617
2.08,-0.000659297162201256,0.0304478015750647,-0.0528728343659497
2.09,-0.000561338674742728,0.0303756464272738,-0.0528432921714016
2.1,-0.000541610235814005,0.0304507166147232,-0.0528255340394487
2.11,-0.000654624833259732,0.030483840033412,-0.0528158845040176
2.12,-0.000715760048478842,0.030408376827836,-0.0528031882018101
2.13,-0.000636153446976095,0.0303439609706402,-0.0527973029065515
2.14,-0.000610392657108605,0.0304418858140707,-0.05279480475369
2.15,-0.000701876124367118,0.0304806735366583,-0.0528141126213992
2.16,-0.000678899639751762,0.0304752066731453,-0.0528113966958287
2.17,-0.000603043416049331,0.0304730478674173,-0.0527918834236456
2.18,-0.000591225747484714,0.0304273832589388,-0.0527928458760744
2.19,-0.000625408312771469,0.0303835459053516,-0.0527866831862006
2.2,-0.000559719745069742,0.0304448958486319,-0.0527843628650706
2.21,-0.000574091507587582,0.0304363965988159,-0.0527788029891497
2.22,-0.000664257793687284,0.0303600262850523,-0.0527836176855466
2.23,-0.000672620255500078,0.030339028686285,-0.0528020396843085
2.24,-0.000557358318474144,0.0304922573268414,-0.0528105816275195
2.25,-0.000631841132417321,0.0304743517190218,-0.052817237735462
2.26,-0.0006841323338449,0.0303734969347715,-0.0528278117554108
2.27,-0.000648078275844455,0.0303650666028261,-0.0528311740554111
2.28,-0.000600827275775373,0.0304456874728203,-0.0528302186069601
2.29,-0.000650833593681455,0.0304909683763981,-0.052848194998752
2.3,-0.000636781158391386,0.0304340366274118,-0.0528608418482961
2.31,-0.000630399968940765,0.0303710699081421,-0.0528703177377581
2.32,-0.000596586265601218,0.0304018557071686,-0.0528764232761841
2.33,-0.000628364796284586,0.0304611269384623,-0.0528697612751836
2.34,-0.000639126694295555,0.0304755456745625,-0.0528756754753009
2.35,-0.000582346110604703,0.0304020680487156,-0.0528595467454168
2.36,-0.000620295293629169,0.0303992480039597,-0.0528453169585201
2.37,-0.000649776367936283,0.0304234847426414,-0.0528382676517579
2.38,-0.000649948487989604,0.0304084978997707,-0.0528280264092913
2.39,-0.000565275084227324,0.0303586162626743,-0.0528279135348082
2.4,-0.000635285105090588,0.0304091814905405,-0.052816084393988
2.41,-0.000677406904287636,0.0304632540792227,-0.052802587375206
2.42,-0.000637849152553827,0.0304576978087425,-0.0527964286088372
2.43,-0.000604162341915071,0.0303732994943857,-0.0527954395628501
2.44,-0.000587784859817475,0.0304379146546125,-0.0527710365194266
2.45,-0.000629066722467542,0.0305171310901642,-0.0527667518595526
2.46,-0.00064330903114751,0.0304611008614302,-0.0527857186743697
2.47,-0.000645900669042021,0.0303852129727602,-0.0527929054132458
2.48,-0.00062750477809459,0.030367661267519,-0.0527953856649694
2.49,-0.000637427903711796,0.0304915066808462,-0.0528179793268006
2.5,-0.000647714943625033,0.0304239373654127,-0.0528299716077946
2.51,-0.000670977053232491,0.0303592383861542,-0.0528369112840844
2.52,-0.000603553955443203,0.0304307639598846,-0.0528358869625952
2.53,-0.000610953255090863,0.030486898496747,-0.0528387167858103
2.54,-0.000636844255495816,0.0303728710860014,-0.0528465241980226
2.55,-0.000599777325987816,0.0303870029747486,-0.0528524803378591
2.56,-0.000606753455940634,0.0304639674723148,-0.0528453222558605
2.57,-0.000659570214338601,0.0304590668529272,-0.0528522188482276
2.58,-0.000672090623993427,0.0304004717618227,-0.0528561866341984
2.59,-0.000540184846613556,0.0304388292133808,-0.0528409483989606
2.6,-0.000634371244814247,0.0304494686424732,-0.0528428299056339
2.61,-0.000685801496729255,0.0303847473114729,-0.0528324557633315
2.62,-0.000638962548691779,0.0303589161485434,-0.0528203361285404
2.63,-0.000571794749703258,0.0304522905498743,-0.0528077745527068
2.64,-0.000634197669569403,0.0304169543087482,-0.0528159024669168
2.65,-0.000623678555712104,0.03036854788661,-0.0528176665663622
2.66,-0.000610480143222958,0.0304051768034697,-0.0528156226655028
2.67,-0.00063168111955747,0.030474878847599,-0.0528024243529286
2.68,-0.000648008659482002,0.0304518733173609,-0.0528065596492395
2.69,-0.000624643464107066,0.0303748026490211,-0.0528059546068285
2.7,-0.000623878207989037,0.0304384864866734,-0.0528069789743354
2.71,-0.000671389454510063,0.0304546430706978,-0.0528100780703011
2.72,-0.000639804231468588,0.0303786043077707,-0.0528138251308026
2.73,-0.000604200409725308,0.0303486716002226,-0.0528122883671021
2.74,-0.00062688352772966,0.0304600019007921,-0.0528045617849485
2.75,-0.000648317043669522,0.0304403342306614,-0.0528033376287601
2.76,-0.000594811281189322,0.0304142404347658,-0.0528027229731525
2.77,-0.000641598016954958,0.0303663872182369,-0.0528022970951515
2.78,-0.000651698443107307,0.0303945187479258,-0.0527940334635709
2.79,-0.000579321058467031,0.0305107049643993,-0.0527807796724732
2.8,-0.00066414859611541,0.0304901860654354,-0.0527739426265126
2.81,-0.000681331555824727,0.0304283797740936,-0.0527802736146137
2.82,-0.000646294443868101,0.0304107684642076,-0.0527874367094873
2.83,-0.000558608444407582,0.0304418504238129,-0.0527903041863009
2.84,-0.000646327389404178,0.0304149985313416,-0.0527902286881683
2.85,-0.000652461952995509,0.0303852688521147,-0.0527859821077897
2.86,-0.000606624642387033,0.0304064713418484,-0.0527801033960285
2.87,-0.000605418521445245,0.0304373875260353,-0.0527856517286945
2.88,-0.000629151472821832,0.0304245483130217,-0.0527946521744525
2.89,-0.000621551531367004,0.0303494837135077,-0.0527945512632695
2.9,-0.000623785192146897,0.0304400380700827,-0.0527749476287687
2.91,-0.000671386369504035,0.0304998904466629,-0.0527752551941922
2.92,-0.000674219103530049,0.0304592065513134,-0.0527803241070129
2.93,-0.000613033131230623,0.0304029975086451,-0.0527892869277152
2.94,-0.00058565306244418,0.0304470099508762,-0.0527831599300261
2.95,-0.000668328022584319,0.0304438900202513,-0.0527847624637219
2.96,-0.000662073318380862,0.0303773190826178,-0.0528014553916857
2.97,-0.000594412267673761,0.0303604118525982,-0.0528080900033088
2.98,-0.000544150534551591,0.0304589103907347,-0.0528018475806492
2.99,-0.00064471154473722,0.0304435640573502,-0.0528086988119461
3,-0.000632646901067346,0.0303517710417509,-0.0528318969901496
3.01,-0.000608920119702816,0.0303694196045399,-0.0528334006003093
3.02,-0.000627984874881804,0.030491266399622,-0.0528445699027172
3.03,-0.00065936055034399,0.0304894112050533,-0.0528462186645896
3.04,-0.00057503639254719,0.030339203774929,-0.0528418372414772
3.05,-0.000607190595474094,0.0304624065756798,-0.0528326177830635
3.06,-0.000685843464452773,0.0304949432611465,-0.0528288205348651
3.07,-0.000661278783809394,0.0303992573171854,-0.0528262051351655
3.08,-0.0005638831644319,0.0303579736500978,-0.052835020656003
3.09,-0.000638445664662868,0.0305095314979553,-0.052834315031822
3.1,-0.000681592209730297,0.0304324924945831,-0.0528240838925622
3.11,-0.000642340048216283,0.0303391925990582,-0.0528149158694359
3.12,-0.000600728846620768,0.0303972754627466,-0.052789156718701
3.13,-0.000635186384897679,0.030493076890707,-0.0527770799783516
3.14,-0.000607980997301638,0.030405817553401,-0.0527736699097763
3.15,-0.00061429914785549,0.0303510520607233,-0.0527699151517647
3.16,-0.000666687614284456,0.0303827133029699,-0.0527596593580148
3.17,-0.000591709394939244,0.0304697882384062,-0.0527562623269496
3.18,-0.000546897121239454,0.0304568484425545,-0.0527500825475765
3.19,-0.000660344492644072,0.0304054524749517,-0.0527431266596599
3.2,-0.00066600542049855,0.0304551590234041,-0.05273970920566
3.21,-0.000606708752457052,0.0304716918617487,-0.0527406214558161
3.22,-0.000600727624259889,0.0304480083286762,-0.0527516170503468
3.23,-0.000647606153506786,0.0304083619266748,-0.0527595093474129
3.24,-0.000603266642428935,0.03047064691782,-0.0527816061567425
3.25,-0.000577541999518871,0.0304349735379219,-0.0527844550535438
3.26,-0.000665979168843478,0.0303519554436207,-0.0527877833688454
3.27,-0.000664456805679947,0.0303510967642069,-0.0527847530548216
3.28,-0.000578217441216111,0.0304177794605494,-0.0527844925370458
3.29,-0.000642508617602289,0.030450489372015,-0.0527914436198167
3.3,-0.000737204856704921,0.0303583815693855,-0.0527931895179846
3.31,-0.000667767832055688,0.0303799211978912,-0.052795745674513
3.32,-0.000494958716444671,0.0304907225072384,-0.0527937315416334
3.33,-0.000578874081838876,0.0305231753736734,-0.0527997777360557
3.34,-0.000691768422257155,0.0303963664919138,-0.0527923009195784
3.35,-0.000571317330468446,0.0304177198559046,-0.0528095232098273
3.36,-0.000547594099771231,0.0304880756884813,-0.0528109357670004
3.37,-0.00065474392613396,0.0304904226213694,-0.0528321397208795
3.38,-0.000688868283759803,0.0304056629538536,-0.052859154940219
3.39,-0.000557735213078558,0.0304326117038727,-0.0528424684911616
3.4,-0.00066757551394403,0.0304219275712967,-0.052834127223353
3.41,-0.000697700073942542,0.0303867757320404,-0.052820553463153
3.42,-0.000613260897807777,0.030395295470953,-0.0528197767795245
3.43,-0.000566136150155216,0.0304283052682877,-0.0528150205820807
3.44,-0.000670677400194108,0.0304377228021622,-0.0528064418590319
3.45,-0.00067316775675863,0.0303853154182434,-0.0528031393965383
3.46,-0.000634488009382039,0.0303882472217083,-0.052805500826122
3.47,-0.000621350249275565,0.0304469000548124,-0.0528060761802283
3.48,-0.000616234494373202,0.0304802432656288,-0.0527883546079988
3.49,-0.000623256957624108,0.0303685013204813,-0.0527939546850332
3.5,-0.000621738843619823,0.0303898900747299,-0.0528016939634917
3.51,-0.000610503135249019,0.0304747093468904,-0.0528150923437646
3.52,-0.000628365902230144,0.0304668452590704,-0.0528300029127907
3.53,-0.000608869187999517,0.0304008983075619,-0.052842808564029
3.54,-0.00063179200515151,0.0304566789418459,-0.0528500755505566
3.55,-0.000615555909462273,0.0304676312953234,-0.0528524140061123
3.56,-0.000640091137029231,0.0304152611643076,-0.0528643254931589
3.57,-0.000619236088823527,0.0303868390619755,-0.0528627300378958
3.58,-0.000604981556534767,0.0304355416446924,-0.0528652612342593
3.59,-0.000643852399662137,0.0304216109216213,-0.0528652488799914
3.6,-0.000669109693262726,0.0303725302219391,-0.052864235657911
3.61,-0.000634496449492872,0.0304140169173479,-0.0528691712846504
3.62,-0.000576978549361229,0.0304540004581213,-0.0528669162089927
3.63,-0.000567744777072221,0.0304403230547905,-0.0528525942043464
3.64,-0.000678188924212009,0.0303787458688021,-0.0528457446915209
3.65,-0.000663606217131019,0.0304233059287071,-0.0528401597994159
3.66,-0.000573938770685345,0.0304502230137587,-0.0528200959702094
3.67,-0.000625360407866538,0.0304424855858088,-0.0528183621529327
3.68,-0.00068389403168112,0.0304425116628408,-0.0528295719695333
3.69,-0.000610066694207489,0.0304152183234692,-0.0528336556700959
3.7,-0.000591230986174196,0.0304588619619608,-0.0528430002029598
3.71,-0.000630194030236453,0.0304774157702923,-0.052845200996544
3.72,-0.00067794369533658,0.0304446332156658,-0.052848278472177
3.73,-0.000625116284936666,0.0304350014775991,-0.0528535881666468
3.74,-0.000672410998959094,0.0304557234048843,-0.0528594529647857
3.75,-0.00069507717853412,0.0304338522255421,-0.052865302481309
3.76,-0.000626871071290225,0.0304103828966618,-0.0528775089942081
3.77,-0.00054388411808759,0.0304036308079958,-0.0528690291997361
3.78,-0.000596907339058816,0.0304388888180256,-0.0528483865142319
3.79,-0.000682816549669951,0.0304163824766874,-0.0528395209979397
3.8,-0.000610542250797153,0.0303854029625654,-0.0528249170939909
3.81,-0.000568223011214286,0.0304439123719931,-0.0528250064153734
3.82,-0.000667601067107171,0.0304815024137497,-0.0528259149987218
3.83,-0.000642345054075122,0.030462708324194,-0.0528269847192737
3.84,-0.00059441028861329,0.0303894840180874,-0.0528338234814473
3.85,-0.000668411841616035,0.0304290130734444,-0.0528374464034647
3.86,-0.000650210189633071,0.0304621160030365,-0.0528395154032734
3.87,-0.000604607514105737,0.0304564367979765,-0.0528437787649197
3.88,-0.000586734851822257,0.0304601788520813,-0.0528546783035647
3.89,-0.000711384462192655,0.0304312705993652,-0.0528649710104897
3.9,-0.000636470387689769,0.0303978454321623,-0.0528684420714126
3.91,-0.000601886655203998,0.0303766876459122,-0.052855953226254
3.92,-0.000591465272009373,0.0304256845265627,-0.052838718620338
3.93,-0.000664816878270358,0.0304694138467312,-0.0528344098534894
3.94,-0.000607975525781512,0.0304032266139984,-0.0528317831980203
3.95,-0.000614459218923002,0.0303766708821058,-0.0528187224309444
3.96,-0.000605654495302588,0.0304240789264441,-0.0528122268637714
3.97,-0.000592344673350453,0.0304500572383404,-0.0528081991403417
3.98,-0.00060877442592755,0.0304275918751955,-0.0528026793401086
3.99,-0.000663716404233128,0.0304302666336298,-0.0528003827016585
4,-0.00061453296802938,0.0304934605956078,-0.0528116053221118
4.01,-0.000570160220377147,0.0304767433553934,-0.0528356188382015
4.02,-0.000633334391750395,0.0304031949490309,-0.0528524136649251
4.03,-0.000722415396012366,0.0303743612021208,-0.0528552611498173
4.04,-0.000592186290305108,0.030469324439764,-0.0528469949891557
4.05,-0.000635376083664596,0.0304575432091951,-0.0528587095105851
4.06,-0.000663886254187673,0.0304005444049835,-0.0528673867802993
4.07,-0.000620500417426229,0.0304294638335705,-0.0528845366154495
4.08,-0.000572021177504212,0.030483478680253,-0.0528793785372528
4.09,-0.000709649873897433,0.0304362438619137,-0.0528921738293108
4.1,-0.000660372490528971,0.0303901173174381,-0.0528876915245869
4.11,-0.000569779658690095,0.0304102282971144,-0.0528817426413723
4.12,-0.000582728418521583,0.0304467584937811,-0.052873586600462
4.13,-0.000676557829137892,0.0304323062300682,-0.0528682424995412
4.14,-0.000574805249925703,0.0304290316998959,-0.0528671001581263
4.15,-0.000572214485146105,0.0304032806307077,-0.0528486535982658
4.16,-0.000631025934126228,0.0304031949490309,-0.0528337600141829
4.17,-0.000613909913226962,0.0304166898131371,-0.0528202223832128
4.18,-0.000620591861661524,0.0304437801241875,-0.0528297410651265
4.19,-0.000665242085233331,0.0303903073072433,-0.0528209845689181
4.2,-0.000610152026638389,0.0303899720311165,-0.0528178046317987
4.21,-0.000588573981076479,0.0304218381643295,-0.0528059198546377
4.22,-0.00062175007769838,0.0304836928844452,-0.0528072222082629
4.23,-0.000675417541060597,0.0304741263389587,-0.0528085477635846
4.24,-0.000610692193731666,0.0304026771336794,-0.0528018581117157
4.25,-0.000603605411015451,0.0304545219987631,-0.0528088210071425
4.26,-0.000637674587778747,0.030478473752737,-0.0528308403161499
4.27,-0.000662867212668061,0.0304218363016844,-0.0528443983911054
4.28,-0.000633416988421232,0.0303793102502823,-0.052845747617045
4.29,-0.000611842144280672,0.0304935704916716,-0.0528393810718233
4.3,-0.000650623871479183,0.0305102448910475,-0.0528337636776532
4.31,-0.00064525636844337,0.0304149687290192,-0.0528296134522298
4.32,-0.000572572986129671,0.0303253531455994,-0.0528280779929911
4.33,-0.000601328443735838,0.0303577519953251,-0.0528195784596749
4.34,-0.000686640269123018,0.0304818637669086,-0.0528289672256631
4.35,-0.000615634839050472,0.0304467156529427,-0.0528412026005046
4.36,-0.000559691514354199,0.03040586784482,-0.0528389729531045
4.37,-0.000563299050554633,0.030425850301981,-0.0528172942875896
4.38,-0.000680433702655137,0.03046371974051,-0.052804045413913
4.39,-0.000612122006714344,0.0304190274327993,-0.0528162717348864
4.4,-0.000556792307179421,0.0304069761186838,-0.0528266898944882
4.41,-0.000585738627705723,0.0304238721728325,-0.0528299553606944
4.42,-0.000671046087518334,0.030448267236352,-0.0528226395296038
4.43,-0.000655542651657015,0.0304275471717119,-0.0528461010683762
4.44,-0.000580167281441391,0.0304381866008043,-0.0528608119191711
4.45,-0.000626021530479193,0.0304233748465776,-0.052863296946648
4.46,-0.00062568619614467,0.030421931296587,-0.0528557337051676
4.47,-0.000625293061602861,0.0304411705583334,-0.0528577350266698
4.48,-0.000610757211688906,0.0304360147565603,-0.0528525888617404
4.49,-0.000618503312580287,0.0304069202393293,-0.0528431600750991
4.5,-0.000656299642287195,0.0304406937211752,-0.0528462192434344
4.51,-0.000642448314465582,0.0305144749581814,-0.0528534465388882
4.52,-0.000598961079958826,0.0305146891623735,-0.0528626512774263
4.53,-0.000615015800576657,0.0303980335593224,-0.0528575427982076
4.54,-0.000716856797225773,0.0303501300513744,-0.0528359245130115
4.55,-0.000595012446865439,0.0304740518331528,-0.0528294494464777
4.56,-0.000548144336789846,0.0304747615009546,-0.0528179040387186
4.57,-0.000613950949627906,0.0303962081670761,-0.0528225971115583
4.58,-0.000699963246006519,0.0303572583943605,-0.0528212567485219
4.59,-0.000555064703803509,0.0304964724928141,-0.0528035064809383
4.6,-0.00058587733656168,0.0304602347314358,-0.0527961221065659
4.61,-0.00066417723428458,0.0304192211478949,-0.0527938281340601
4.62,-0.000676324474625289,0.0304118487983942,-0.0527668443242495
4.63,-0.000588471768423915,0.0304850898683071,-0.0527447676999458
4.64,-0.000683237856719643,0.0304646417498589,-0.0527645878848184
4.65,-0.00065531930886209,0.030409000813961,-0.0527717956864852
4.66,-0.000578757375478745,0.0304295867681503,-0.0527864603705136
4.67,-0.000574584235437214,0.030464019626379,-0.0527943320752032
4.68,-0.000702766585163772,0.0304450299590826,-0.0528260744703529
4.69,-0.000635484233498573,0.0303930938243866,-0.0528489540193136
4.7,-0.000571185722947121,0.0304477121680975,-0.0528523248728634
4.71,-0.000597535748966038,0.0304565243422985,-0.0528480004827196
4.72,-0.000693640380632132,0.0303903985768557,-0.0528835209351495
4.73,-0.000655660638585687,0.0303594972938299,-0.052901435509269
4.74,-0.000618553312961012,0.0305040180683136,-0.0528833806860455
4.75,-0.00065014127176255,0.030471857637167,-0.0528662780318037
4.76,-0.000628187612164766,0.0303943455219269,-0.0528581064077738
4.77,-0.000612498028203845,0.0304133296012878,-0.052847307090526
4.78,-0.000613327603787184,0.0304697044193745,-0.0528271741896082
4.79,-0.000634408439509571,0.0304444525390863,-0.052825757249417
4.8,-0.000607943977229297,0.0304142590612173,-0.0528249708236389
4.81,-0.000607541704084724,0.030437283217907,-0.0528223293612831
4.82,-0.000639449048321694,0.0304491072893143,-0.0527985122919586
4.83,-0.000640587008092552,0.0304087400436401,-0.0527836595965581
4.84,-0.00062195910140872,0.0304251052439213,-0.0527757176920752
4.85,-0.000606058805715293,0.0304977670311928,-0.0527757583126257
4.86,-0.00060208176728338,0.0304787047207355,-0.0527709716730193
4.87,-0.000639745499938726,0.0304220356047153,-0.0527809217743812
4.88,-0.000675332499668002,0.0304053798317909,-0.052786770520761
4.89,-0.000597079808358103,0.0304454378783703,-0.0527673704290758
4.9,-0.000585372268687934,0.0304382089525461,-0.0527671432560729
4.91,-0.000692517263814807,0.0303854178637266,-0.0527829668822887
4.92,-0.000722698750905693,0.0303846597671509,-0.0528022371479349
4.93,-0.000606308574788272,0.0304325204342604,-0.0528001460368724
4.94,-0.000638314173556864,0.030472744256258,-0.0528240051017108
4.95,-0.000653421273455024,0.0304239578545094,-0.0528374559040972
4.96,-0.000629978312645108,0.0304259341210127,-0.0528315156806412
4.97,-0.000600985076744109,0.0304518416523933,-0.0528152296314779
4.98,-0.000605812994763255,0.0304605234414339,-0.0528113953429751
4.99,-0.000632299692369998,0.0304287504404783,-0.0528369493395723
5,-0.000606011890340596,0.0304614026099443,-0.0528395047377829
5.01,-0.000579502724576741,0.030476538464427,-0.0528368677655982
5.02,-0.000617919955402613,0.0304325819015503,-0.0528325284641682
5.03,-0.000683328020386398,0.0303861983120441,-0.0528426489807818
5.04,-0.000583484303206205,0.0304521825164557,-0.052835507254682
5.05,-0.000580307096242905,0.0304548088461161,-0.0528284153111749
5.06,-0.000645270454697311,0.0304059535264969,-0.0528393295299878
5.07,-0.000685394450556487,0.0304222088307142,-0.0528401535191461
5.08,-0.000642569386400282,0.0304391179233789,-0.052831582534138
5.09,-0.000597937847487628,0.0304079055786133,-0.052814852865911
5.1,-0.000640576821751893,0.0304021071642637,-0.0528059053838889
5.11,-0.000653409515507519,0.0304340254515409,-0.0527961622048488
5.12,-0.000627775443717837,0.0304652489721775,-0.0527926993024963
5.13,-0.000605908513534814,0.0304740685969591,-0.0527977981726239
5.14,-0.00061456230469048,0.0304352175444365,-0.0527952826187175
5.15,-0.000659166718833148,0.0304033141583204,-0.0528099469136737
5.16,-0.000614112708717585,0.0304113831371069,-0.0528158292479565
5.17,-0.000621054728981107,0.0304482877254486,-0.0528144135339736
5.18,-0.000648510060273111,0.0304305534809828,-0.0528183528099841
5.19,-0.00060820416547358,0.0303862858563662,-0.0528184518810451
5.2,-0.00059222086565569,0.0304753556847572,-0.0528112255930063
5.21,-0.0006329141324386,0.030507855117321,-0.0528088450982509
5.22,-0.00067078962456435,0.0304326228797436,-0.0528026176080588
5.23,-0.000653313938528299,0.0303430818021297,-0.0527943898000639
5.24,-0.000604389351792634,0.0305052530020475,-0.0527933714648876
5.25,-0.000640081649180502,0.0304744150489569,-0.0527815158813811
5.26,-0.000716416107024997,0.0303604453802109,-0.0527869809037587
5.27,-0.000616297649685293,0.0303809121251106,-0.0527968791427352
5.28,-0.000602672575041652,0.030443649739027,-0.0528026005388562
5.29,-0.000667448330204934,0.0304398704320192,-0.0528363912508711
5.3,-0.000659028708469123,0.0304118450731039,-0.0528777025107901
5.31,-0.000598675396759063,0.0304220989346504,-0.0528915446897477
5.32,-0.000626872933935374,0.0303950682282448,-0.0529037536465045
5.33,-0.000641713908407837,0.0303845051676035,-0.0529114390090105
5.34,-0.000607435358688235,0.0304568465799093,-0.0529275556916882
5.35,-0.000604348722845316,0.0304552316665649,-0.0529336835230799
5.36,-0.000609816168434918,0.0304297991096973,-0.0529200364643257
5.37,-0.00067331682657823,0.0304083246737719,-0.0529013537299694
5.38,-0.000683671503793448,0.0304502416402102,-0.0529096230075479
5.39,-0.000579476007260382,0.0304488651454449,-0.0528898258655119
5.4,-0.000641143065877259,0.030402947217226,-0.0528651259989037
5.41,-0.000732378335669637,0.030388604849577,-0.0528511063537612
5.42,-0.000642262282781303,0.0303875058889389,-0.0528584024576835
5.43,-0.000589087838307023,0.0304181762039661,-0.0528627380791753
5.44,-0.000650906760711223,0.0303838960826397,-0.0528608477516769
5.45,-0.000668362248688936,0.0303617436438799,-0.0528601253279292
5.46,-0.000618555815890431,0.0303974188864231,-0.0528703351908188
5.47,-0.000607732101343572,0.030425077304244,-0.0528941344308008
5.48,-0.000662897131405771,0.0304200761020184,-0.0528866800384321
5.49,-0.000595185556448996,0.0304244179278612,-0.0528799688626327
5.5,-0.000583729648496956,0.0304693263024092,-0.0528790197485099
5.51,-0.00062822550535202,0.0304904077202082,-0.0528955281409986
5.52,-0.000715448637492955,0.0304221399128437,-0.052892626849323
5.53,-0.00065882143098861,0.0304182711988688,-0.0528910453441778
5.54,-0.000587586720939726,0.0304510705173016,-0.0528821614910607
5.55,-0.000648741784971207,0.0304322615265846,-0.0528784846569562
5.56,-0.000674505310598761,0.0304069463163614,-0.052878202028766
5.57,-0.000634924101177603,0.0303801484405994,-0.0528735990164235
5.58,-0.000601465464569628,0.0304059404879808,-0.0528777822718081
5.59,-0.000659130339045078,0.0304246377199888,-0.052878439474506
5.6,-0.000658490986097604,0.0304665323346853,-0.052876665657451
5.61,-0.000647747714538127,0.0304419100284576,-0.0528730516478294
5.62,-0.000621344777755439,0.0303797964006662,-0.052871892104227
5.63,-0.000591837801039219,0.03041054867208,-0.0528713269448271
5.64,-0.000668894906993955,0.0304768346250057,-0.0528836702557046
5.65,-0.00063225842313841,0.0303831491619349,-0.0528775241173813
5.66,-0.000590410956647247,0.0303568802773952,-0.0528651654603895
5.67,-0.000611797557212412,0.0304226595908403,-0.0528574011558047
5.68,-0.000644797866698354,0.0304902903735638,-0.0528470289147966
5.69,-0.000619500991888344,0.0303525328636169,-0.0528538695995542
5.7,-0.000554389436729252,0.030367773026228,-0.0528501382516621
5.71,-0.000627106230240315,0.0304203312844038,-0.0528333560349939
5.72,-0.000706265156622976,0.0304523259401321,-0.0528279270993998
5.73,-0.000647791719529778,0.0304615739732981,-0.0528174864520049
5.74,-0.000559638428967446,0.0304090324789286,-0.0528079488206827
5.75,-0.000669554574415088,0.0304261185228825,-0.0528185676376759
5.76,-0.000747566460631788,0.0304421186447144,-0.0528391287696086
5.77,-0.00061433610972017,0.0304634124040604,-0.0528407413206
5.78,-0.000526614487171173,0.0304453559219837,-0.0528375595755277
5.79,-0.000619497033767402,0.0304164197295904,-0.0528048610789684
5.8,-0.000498466659337282,0.0304685924202204,-0.0526478483172293
5.81,-0.000326340144965798,0.0304689295589924,-0.0522744362236694
5.82,-0.000406880921218544,0.0304191708564758,-0.0516860988865603
5.83,-0.000888217706233263,0.0303271934390068,-0.0509527867856395
5.84,-0.00277058011852205,0.0301659274846315,-0.0498945586420233
5.85,-0.00438523991033435,0.0300685632973909,-0.048685368754376
5.86,-0.00645951740443707,0.0299295913428068,-0.0474031673817423
5.87,-0.00834531616419554,0.0298820957541466,-0.0461268809813591
5.88,-0.0100053772330284,0.0299721602350473,-0.0448741555677072
5.89,-0.011703715659678,0.0303307510912418,-0.0435320694540684
5.9,-0.0115907117724419,0.0306252297013998,-0.0422468221854937
5.91,-0.0107617042958736,0.0308909136801958,-0.0410961711590202
5.92,-0.00894988141953945,0.0310993734747171,-0.0401333812947046
5.93,-0.00713839149102569,0.0312614105641842,-0.0392698514561197
5.94,-0.00353958643972874,0.0314424075186253,-0.0386526157443076
5.95,-0.002083795145154,0.0313844233751297,-0.0381777605662513
5.96,-0.00119078811258078,0.0312147103250027,-0.0378194879196929
5.97,-0.000818922359030694,0.0310365259647369,-0.0375037412609579
5.98,-0.000958506017923355,0.0307968445122242,-0.0371667745647843
5.99,-0.00262942863628268,0.0301135927438736,-0.0368525715094268
6,-0.00385880679823458,0.0298414137214422,-0.0365817350676659
6.01,-0.00509751448407769,0.0297032594680786,-0.0363727502163949
6.02,-0.00621441705152392,0.029701417312026,-0.0361737898779381
6.03,-0.00711010675877333,0.0297014713287354,-0.036052695359956
6.04,-0.00788591057062149,0.0300421267747879,-0.0360979958635701
6.05,-0.00776512175798416,0.0304047986865044,-0.0362067724928655
6.06,-0.00753796799108386,0.0307392477989197,-0.0363155105021678
6.07,-0.00703238043934107,0.0309862159192562,-0.0364531007372228
6.08,-0.00639938656240702,0.0311319194734097,-0.0366387631113517
6.09,-0.00516405701637268,0.0314083509147167,-0.0369068019434116
6.1,-0.00485724350437522,0.0313577763736248,-0.0371799799673912
6.11,-0.00459083262830973,0.0312589183449745,-0.0374394909543692
6.12,-0.00433690380305052,0.0311762280762196,-0.0376558058367176
6.13,-0.0043288366869092,0.0310474503785372,-0.0378126122411855
6.14,-0.0046987640671432,0.030612651258707,-0.0378036154978576
6.15,-0.00490386597812176,0.0303746089339256,-0.0376892082317405
6.16,-0.00499142799526453,0.0302525274455547,-0.0375046309802818
6.17,-0.00517503125593066,0.0301965139806271,-0.0372640265743235
6.18,-0.00528454873710871,0.0301570948213339,-0.0369868069098496
6.19,-0.00524875754490495,0.0302380751818419,-0.0367510262529857
6.2,-0.00526013039052486,0.0303350277245045,-0.0365468515689416
6.21,-0.00531628355383873,0.0305016208440065,-0.0364058378937203
6.22,-0.00531575456261635,0.0306802559643984,-0.0363387211266493
6.23,-0.00533910840749741,0.0308259110897779,-0.0363408917923184
6.24,-0.00545029155910015,0.0309947207570076,-0.0364205649119984
6.25,-0.00547452084720135,0.0310709420591593,-0.0365317917640778
6.26,-0.00547229452058673,0.0311007834970951,-0.0366607334006505
6.27,-0.00542729441076517,0.0310466587543488,-0.0367813503942007
6.28,-0.00538779515773058,0.0309480018913746,-0.0368781369063525
6.29,-0.00528471637517214,0.03081164509058,-0.0369423362819099
6.3,-0.00523032806813717,0.0306981839239597,-0.0369913393981688
6.31,-0.00510907638818026,0.0305938422679901,-0.0370158014466248
6.32,-0.00504107633605599,0.0305249467492104,-0.0370035576673158
6.33,-0.00501261930912733,0.0304601136595011,-0.0369575921345022
6.34,-0.00506366509944201,0.0304047726094723,-0.0369070291712803
6.35,-0.00506450980901718,0.030418248847127,-0.0368758821417392
6.36,-0.00512510351836681,0.0304803997278214,-0.0368417722967939
6.37,-0.00521336356177926,0.030564920976758,-0.0368171064759625
6.38,-0.00528841465711594,0.0306497681885958,-0.0368103987837859
6.39,-0.00531021691858768,0.0307735465466976,-0.0368045351371061
6.4,-0.00537359714508057,0.0308116525411606,-0.0368180246234234
6.41,-0.00537554686889052,0.0308817122131586,-0.0368265272960225
6.42,-0.00536017911508679,0.0309489462524652,-0.0368410303647453
6.43,-0.0052978009916842,0.0309798121452332,-0.0368630051256533
6.44,-0.00527005968615413,0.0308442581444979,-0.0368835368188099
6.45,-0.00522145349532366,0.0307660587131977,-0.0368905063163614
6.46,-0.00516264047473669,0.0307344198226929,-0.0369039723792562
6.47,-0.00510985963046551,0.0307152960449457,-0.0369079836222816
6.48,-0.00519254431128502,0.0306493379175663,-0.036915043003554
6.49,-0.00513235526159406,0.0305056311190128,-0.0369488295022887
6.5,-0.00510990340262651,0.030409038066864,-0.0372337828775679
6.51,-0.0050536678172648,0.0303259938955307,-0.0382105522554585
6.52,-0.00498380092903972,0.0302718672901392,-0.0403013712151866
6.53,-0.00502411369234324,0.0302439332008362,-0.0437727132973376
6.54,-0.0054423208348453,0.0305288955569267,-0.0500842260039244
6.55,-0.00584015808999538,0.0309051275253296,-0.05791760952882
6.56,-0.00611657975241542,0.0312650464475155,-0.0672202847711602
6.57,-0.00642133038491011,0.0315972343087196,-0.0780144440238202
6.58,-0.00668763322755694,0.0318173244595528,-0.0902635491821197
6.59,-0.00688496837392449,0.031847357749939,-0.105661022379424
6.6,-0.00678495271131396,0.031524233520031,-0.122457409663156
6.61,-0.00650823768228292,0.0311430338770151,-0.140212618122267
6.62,-0.00622860994189978,0.0306793171912432,-0.158460618488013
6.63,-0.00607518991455436,0.0301275029778481,-0.176924841013585
6.64,-0.00572456326335669,0.0292244665324688,-0.19569491340565
6.65,-0.00557895237579942,0.0289271622896194,-0.21460601193237
6.66,-0.00550961634144187,0.0288293696939945,-0.233641575518967
6.67,-0.00556879444047809,0.0288591794669628,-0.252781062224743
6.68,-0.00577031308785081,0.028891310095787,-0.272026953390009
6.69,-0.00622247718274593,0.0291673168540001,-0.29133386396195
6.7,-0.00649531604722142,0.0294278487563133,-0.3106419091041
6.71,-0.00678513292223215,0.0296508651226759,-0.329928927934589
6.72,-0.00705232005566359,0.0298194959759712,-0.349189072497649
6.73,-0.00713657448068261,0.0299274921417236,-0.368389141543419
6.74,-0.00726849539205432,0.0300843864679337,-0.387706160733449
6.75,-0.00735685508698225,0.0301008261740208,-0.406985947088063
6.76,-0.00728772720322013,0.030034376308322,-0.426226757224489
6.77,-0.00709827523678541,0.0298667699098587,-0.445457916537097
6.78,-0.00706210220232606,0.0297167766839266,-0.464633741518535
6.79,-0.00718309124931693,0.0292408242821693,-0.483734254091363
6.8,-0.00713656796142459,0.0290468987077475,-0.502818390921719
6.81,-0.00710268644616008,0.028899896889925,-0.521895109454554
6.82,-0.00730567425489426,0.0287935584783554,-0.540928052110551
6.83,-0.00745771778747439,0.0287052057683468,-0.559970909972524
6.84,-0.00749716861173511,0.0286580100655556,-0.578922099937941
6.85,-0.00759746925905347,0.0287367906421423,-0.597864833238472
6.86,-0.00776271149516106,0.02879867143929,-0.616842635190109
6.87,-0.00781027786433697,0.028839610517025,-0.635825365162911
6.88,-0.00782745145261288,0.0288853328675032,-0.654851103606582
6.89,-0.0078447200357914,0.0289201196283102,-0.673952636109895
6.9,-0.00779197225347161,0.028890373185277,-0.693004258127376
6.91,-0.00771482614800334,0.0287798792123795,-0.712021005678029
6.92,-0.00761674297973514,0.028591251000762,-0.7310640915765
6.93,-0.00749119417741895,0.0283365454524755,-0.750139698291881
6.94,-0.00746138906106353,0.0279387198388577,-0.769123176879607
6.95,-0.00744339171797037,0.0277571342885494,-0.788114121027208
6.96,-0.00745399715378881,0.0276529006659985,-0.807146266866223
6.97,-0.00751922419294715,0.0276179928332567,-0.826182494416354
6.98,-0.00759146455675364,0.0276209730654955,-0.845241975408444
6.99,-0.00767192244529724,0.0276869758963585,-0.864239487701707
7,-0.00771520053967834,0.0278285350650549,-0.883222817336253
7.01,-0.00787731353193521,0.0279208309948444,-0.902240657204681
7.02,-0.00794810615479946,0.0279507450759411,-0.921325595493776
7.03,-0.00803874805569649,0.0279589798301458,-0.940321124409606
7.04,-0.00822600722312927,0.0279369205236435,-0.959358468994788
7.05,-0.00825242605060339,0.0279465988278389,-0.978352605193059
7.06,-0.00830465834587812,0.0279424078762531,-0.997255999718671
7.07,-0.00836155191063881,0.0279264431446791,-1.01620312612042
7.08,-0.00830989889800549,0.0278112329542637,-1.03511785961598
7.09,-0.00835868716239929,0.027560506016016,-1.05400270510789
7.1,-0.00839517824351788,0.027601158246398,-1.07295903465917
7.11,-0.00838353298604488,0.0276213213801384,-1.0919185361131
7.12,-0.00840898044407368,0.0276072267442942,-1.11081689185024
7.13,-0.00842352584004402,0.0275469701737165,-1.12976544055755
7.14,-0.00848566740751266,0.0274498555809259,-1.14876441133234
7.15,-0.00844105519354343,0.0273061152547598,-1.16784696119678
7.16,-0.00843587890267372,0.0272481869906187,-1.18702691490562
7.17,-0.0085269957780838,0.0272405669093132,-1.20614038700538
7.18,-0.00859427265822887,0.0272503811866045,-1.22528309216033
7.19,-0.00852388050407171,0.0271977074444294,-1.2444313470413
7.2,-0.00861062109470367,0.0271323882043362,-1.26353096048539
7.21,-0.00870202109217644,0.0270506013184786,-1.28264461073304
7.22,-0.00883422046899796,0.0269139371812344,-1.30176273508759
7.23,-0.00885073747485876,0.0268189162015915,-1.32094087157498
7.24,-0.00902850553393364,0.0265707932412624,-1.34012585536067
7.25,-0.00905043166130781,0.0264271125197411,-1.35924842377184
7.26,-0.00912151765078306,0.0263493787497282,-1.37829819607364
7.27,-0.00916995480656624,0.0263452660292387,-1.39739493275997
7.28,-0.00926932878792286,0.0262486469000578,-1.41650450067429
7.29,-0.00933011714369059,0.0260308030992746,-1.43562975872054
7.3,-0.00931104645133018,0.025991927832365,-1.45480746973411
7.31,-0.00930129271000624,0.0258998237550259,-1.47395087685683
7.32,-0.00935234222561121,0.0257669202983379,-1.49312403274907
7.33,-0.00932246819138527,0.0256871934980154,-1.51231929647047
7.34,-0.00915747415274382,0.0256191845983267,-1.53160376975543
7.35,-0.00928630400449038,0.0257260221987963,-1.55086840745625
7.36,-0.00939944945275784,0.0258657354861498,-1.57017488186451
7.37,-0.0094320410862565,0.0259331818670034,-1.58953183441993
7.38,-0.0095242578536272,0.0260195191949606,-1.60887430888109
7.39,-0.00977420806884766,0.0263171941041946,-1.62816001539924
7.4,-0.00997908599674702,0.0264318976551294,-1.64739571343946
7.41,-0.0100633827969432,0.0265096165239811,-1.66658250134496
7.42,-0.0101796537637711,0.0264532510191202,-1.6857763354989
7.43,-0.0102969855070114,0.0263116750866175,-1.70498414005041
7.44,-0.0104458760470152,0.0257164873182774,-1.72407464584408
7.45,-0.010508855804801,0.0254427753388882,-1.74319985770098
7.46,-0.0105468984693289,0.025348387658596,-1.76233512233382
7.47,-0.0106093138456345,0.0253347344696522,-1.78146979673073
7.48,-0.0105901788920164,0.0252210814505816,-1.80063472594841
7.49,-0.0105166602879763,0.0251882299780846,-1.81991849043023
7.5,-0.0104778427630663,0.0252776965498924,-1.83914608249068
7.51,-0.0105621321126819,0.0254092961549759,-1.85845845344857
7.52,-0.0106187518686056,0.0254384633153677,-1.87782949964829
7.53,-0.0106173194944859,0.0253139175474644,-1.89727226368034
7.54,-0.010842464864254,0.0252541787922382,-1.91680914492394
7.55,-0.0109768304973841,0.0252367369830608,-1.93633279451648
7.56,-0.0111668631434441,0.0250470582395792,-1.95588016029571
7.57,-0.0112778870388865,0.0248113386332989,-1.97540657009512
7.58,-0.0114310113713145,0.0246487874537706,-1.99495694393607
7.59,-0.0116328243166208,0.0246711280196905,-2.01442196721691
7.6,-0.0117692546918988,0.0245613045990467,-2.03396502216072
7.61,-0.0119634438306093,0.0243774354457855,-2.05351232871272
7.62,-0.0120009649544954,0.0242539197206497,-2.07307095766222
7.63,-0.01210543140769,0.0242648497223854,-2.09258088858815
7.64,-0.0122790094465017,0.0242428835481405,-2.11202856360563
7.65,-0.0122594274580479,0.0241982117295265,-2.13151426991814
7.66,-0.0122837144881487,0.0242110956460238,-2.15101138385156
7.67,-0.0123822838068008,0.024339597672224,-2.17054375085483
7.68,-0.0124228438362479,0.0244754757732153,-2.19004351211984
7.69,-0.0122410524636507,0.0247076731175184,-2.20965154310004
7.7,-0.0123364357277751,0.0247726552188396,-2.22917181714266
7.71,-0.0124209485948086,0.0248655434697866,-2.2486404396291
7.72,-0.012389893643558,0.0249640475958586,-2.26808123902327
7.73,-0.0123835206031799,0.0249826014041901,-2.28754084962943
7.74,-0.0127258878201246,0.0247976165264845,-2.30699847220117
7.75,-0.0129178883507848,0.0246974192559719,-2.32635247496154
7.76,-0.013074261136353,0.0246363505721092,-2.34570082071129
7.77,-0.0132771702483296,0.0245845504105091,-2.36499958116325
7.78,-0.0135433115065098,0.0244244839996099,-2.3843289296237
7.79,-0.0137121547013521,0.0242515299469233,-2.40369469527826
7.8,-0.0136909857392311,0.0243081822991371,-2.42308007276695
7.81,-0.0138025544583797,0.0243742484599352,-2.44247449828022
7.82,-0.0138146765530109,0.0244286078959703,-2.46189385515202
7.83,-0.0138884773477912,0.0245185997337103,-2.48130547091493
7.84,-0.0138546274974942,0.024849696084857,-2.50070420487529
7.85,-0.013995056040585,0.0249150022864342,-2.52014568324907
7.86,-0.0140517130494118,0.0248750615864992,-2.5395823714961
7.87,-0.0141311129555106,0.0247827190905809,-2.55905290137371
7.88,-0.0141673795878887,0.024728711694479,-2.57853821477243
7.89,-0.0143804913386703,0.0246438179165125,-2.5978958334467
7.9,-0.0145737705752254,0.0246668122708797,-2.61730328466693
7.91,-0.0147356633096933,0.0246862545609474,-2.63670897013035
7.92,-0.0149118592962623,0.0246953256428242,-2.65608416582348
7.93,-0.0151081532239914,0.0246823225170374,-2.67540317675152
7.94,-0.0155025776475668,0.024700578302145,-2.69474621765683
7.95,-0.0155278919264674,0.0246784221380949,-2.71411980066229
7.96,-0.0155982133001089,0.0246497318148613,-2.73349710053571
7.97,-0.015632089227438,0.0246742479503155,-2.75286326565412
7.98,-0.015616562217474,0.0247916243970394,-2.77217468236462
7.99,-0.015288014896214,0.0249116234481335,-2.79155626249101
8,-0.01525051984936,0.0249281022697687,-2.81091101616708
8.01,-0.0151799963787198,0.0249955579638481,-2.83026011179767
8.02,-0.0151255028322339,0.0251025594770908,-2.84957227005522
8.03,-0.0149865038692951,0.0252321045845747,-2.86887541391374
8.04,-0.0152337942272425,0.0252847857773304,-2.88814711661884
8.05,-0.0153644233942032,0.0253324564546347,-2.90742167672274
8.06,-0.0155389755964279,0.025434572249651,-2.92663412266639
8.07,-0.0157439708709717,0.0254194363951683,-2.94583780921611
8.08,-0.0160071291029453,0.0253503583371639,-2.96503087434536
8.09,-0.0162771418690681,0.0254141744226217,-2.98418015256008
8.1,-0.016302976757288,0.0254403445869684,-3.00333167663458
8.11,-0.0163063406944275,0.0254421010613441,-3.02248474079373
8.12,-0.0163245815783739,0.0255001056939363,-3.04163079021706
8.13,-0.0161956679075956,0.0256364122033119,-3.06079709427789
8.14,-0.0161451958119869,0.0257880166172981,-3.08001227708561
8.15,-0.0161633267998695,0.0258536394685507,-3.09923523890115
8.16,-0.0163135305047035,0.0259307026863098,-3.11851627083637
8.17,-0.0164932888001204,0.0260001923888922,-3.1377860669945
8.18,-0.0167508386075497,0.0260781720280647,-3.15714623301363
8.19,-0.0172911453992128,0.0262610390782356,-3.17655867815956
8.2,-0.0174944866448641,0.0262927953153849,-3.19597300497235
8.21,-0.0176348835229874,0.0262560714036226,-3.21541177891084
8.22,-0.0176482684910297,0.0262486469000578,-3.23489372687533
8.23,-0.017579460516572,0.0263427514582872,-3.25433732818734
8.24,-0.0175020266324282,0.0266442820429802,-3.2737676324928
8.25,-0.0173777937889099,0.0267087109386921,-3.29318987933083
8.26,-0.0172430351376534,0.0267896112054586,-3.31260901547359
8.27,-0.0172065272927284,0.0269385557621717,-3.33202252199171
8.28,-0.0172634646296501,0.0270791128277779,-3.351364376063
8.29,-0.0174056645482779,0.0271437633782625,-3.37065675394598
8.3,-0.017528610303998,0.0271847732365131,-3.38995715908886
8.31,-0.0177202988415956,0.0272556338459253,-3.40923040469226
8.32,-0.0178508311510086,0.0272685009986162,-3.42850038907756
8.33,-0.017884099856019,0.0272385105490685,-3.44779729418828
8.34,-0.0179531499743462,0.0271929726004601,-3.46709615881125
8.35,-0.0180218648165464,0.0271896366029978,-3.48636288323746
8.36,-0.0179994273930788,0.0272208601236343,-3.50567261266665
8.37,-0.0179198887199163,0.027216425165534,-3.52493326786203
8.38,-0.0178636107593775,0.0272674616426229,-3.54425377544451
8.39,-0.0178158786147833,0.027547400444746,-3.56352400423708
8.4,-0.0179009698331356,0.0276821628212929,-3.58274728177375
8.41,-0.0177975874394178,0.027830271050334,-3.60196249109622
8.42,-0.0179203413426876,0.027994504198432,-3.62118696245146
8.43,-0.0180133674293756,0.0281867701560259,-3.64041352449075
8.44,-0.0183625929057598,0.0285021811723709,-3.65959129413039
8.45,-0.0184562522917986,0.0286210421472788,-3.6787353237774
8.46,-0.0185818932950497,0.0288042370229959,-3.69784542019793
8.47,-0.0187129974365234,0.0289042983204126,-3.71699226389555
8.48,-0.0188040435314178,0.0288838315755129,-3.73608996399634
8.49,-0.0188854970037937,0.0290087666362524,-3.75524217730872
8.5,-0.0189496483653784,0.0289975143969059,-3.77442208163595
8.51,-0.0189981441944838,0.0289765428751707,-3.79366334376867
8.52,-0.0190780982375145,0.0288806390017271,-3.81291206206881
8.53,-0.0190125443041325,0.028926057741046,-3.83222543625155
8.54,-0.019107099622488,0.0291561335325241,-3.85158705974221
8.55,-0.0191759876906872,0.0292364191263914,-3.87094410238998
8.56,-0.0191748738288879,0.0294077377766371,-3.89021240177311
8.57,-0.0192319732159376,0.029657855629921,-3.90946822690835
8.58,-0.0192682780325413,0.0298953969031572,-3.92877123274239
8.59,-0.0193622037768364,0.0301117580384016,-3.94802389571873
8.6,-0.0192899759858847,0.0301688145846128,-3.96726967958575
8.61,-0.0191934313625097,0.0303048864006996,-3.98645951980421
8.62,-0.0191071014851332,0.0304149799048901,-4.00563219934906
8.63,-0.0190563220530748,0.0304598845541477,-4.024717791138
8.64,-0.0189877096563578,0.0304006729274988,-4.04379959786812
8.65,-0.0189064610749483,0.0303657315671444,-4.06292221966791
8.66,-0.0189325232058764,0.0304300598800182,-4.0821092725835
8.67,-0.0190110374242067,0.0305144321173429,-4.10128086692876
8.68,-0.0190112236887217,0.0306775514036417,-4.12045909861282
8.69,-0.0190823525190353,0.0309161655604839,-4.13965006210579
8.7,-0.0192212853580713,0.0310581512749195,-4.1588483421089
8.71,-0.0192475840449333,0.0311736185103655,-4.17807464353259
8.72,-0.0192389190196991,0.0312436278909445,-4.19727208556102
8.73,-0.0190939735621214,0.0313213504850864,-4.21652279070122
8.74,-0.0192000884562731,0.0314268991351128,-4.23560725750327
8.75,-0.0189627390354872,0.0314756482839584,-4.25475924086213
8.76,-0.0187341254204512,0.0315329469740391,-4.27388903656867
8.77,-0.0187433660030365,0.0316017977893353,-4.29303057202702
8.78,-0.0188474971801043,0.0317803286015987,-4.3121764688365
8.79,-0.0187316760420799,0.0322433263063431,-4.33131745294791
8.8,-0.0187361110001802,0.0324323102831841,-4.35043965787294
8.81,-0.0188191290944815,0.0325701795518398,-4.36952674319149
8.82,-0.0187755823135376,0.0325998030602932,-4.38860959883784
8.83,-0.0186635255813599,0.0326819084584713,-4.40768671854854
8.84,-0.0187685675919056,0.0328439064323902,-4.42693067672922
8.85,-0.0187646485865116,0.032813299447298,-4.44609294904351
8.86,-0.0186448749154806,0.0327685587108135,-4.46519558336022
8.87,-0.0186415575444698,0.0327716618776321,-4.48434855813855
8.88,-0.0185759477317333,0.0328411273658276,-4.50341998099431
8.89,-0.0185468755662441,0.0330279655754566,-4.52249406221359
8.9,-0.0183475073426962,0.0330585986375809,-4.54154995309435
8.91,-0.0182225983589888,0.0331575572490692,-4.56060898092908
8.92,-0.0180840715765953,0.0332932472229004,-4.57962320197407
8.93,-0.0180175118148327,0.0333879962563515,-4.59860997996051
8.94,-0.0178558509796858,0.0335120484232903,-4.61754405320525
8.95,-0.0177481584250927,0.0334923639893532,-4.63649013021018
8.96,-0.0177727546542883,0.0335484072566032,-4.65546939548572
8.97,-0.0178061816841364,0.0337389037013054,-4.67440940890212
8.98,-0.017811706289649,0.0338337607681751,-4.69337615528613
8.99,-0.0179065112024546,0.0339476466178894,-4.71236661346733
9,-0.0180270578712225,0.0340773947536945,-4.7313712322892
9.01,-0.0180451944470406,0.0342037752270699,-4.7503759593388
9.02,-0.0180193893611431,0.0341529324650764,-4.76938300202014
9.03,-0.0179248917847872,0.0341214910149574,-4.78837126656005
9.04,-0.017835458740592,0.0342362187802792,-4.80745638007523
9.05,-0.0177294109016657,0.0342485271394253,-4.82652989717152
9.06,-0.0175118632614613,0.0343196541070938,-4.84563308046319
9.07,-0.0173342227935791,0.0344911925494671,-4.86473732033545
9.08,-0.0172207113355398,0.0346590727567673,-4.88377772613606
9.09,-0.0170217975974083,0.0349297598004341,-4.90277998906193
9.1,-0.0168693531304598,0.0351321548223495,-4.9218846286412
9.11,-0.0167532823979855,0.0353197380900383,-4.94095584816415
9.12,-0.0166980121284723,0.0354449674487114,-4.96005784632767
9.13,-0.0166404005140066,0.0354829244315624,-4.97916572644613
9.14,-0.0165293589234352,0.0357983969151974,-4.99827751494265
9.15,-0.0165701005607843,0.0358131937682629,-5.01744339463571
9.16,-0.0165320429950953,0.0357800349593163,-5.03669592138809
9.17,-0.0165183059871197,0.0357555747032166,-5.05595634195261
9.18,-0.0163568072021008,0.0358773730695248,-5.07528068726181
9.19,-0.0164338573813438,0.0359596647322178,-5.09467366782584
9.2,-0.016319015994668,0.0358745791018009,-5.11403153533348
9.21,-0.016172556206584,0.0358785055577755,-5.13349424560167
9.22,-0.0161124151200056,0.0360350906848907,-5.15295907142541
9.23,-0.0159740280359983,0.0361341945827007,-5.1724495708011
9.24,-0.0156805124133825,0.0358750522136688,-5.191813276785
9.25,-0.0155506581068039,0.0357722230255604,-5.21119043243746
9.26,-0.0154490424320102,0.0357534661889076,-5.23045248776318
9.27,-0.0153103964403272,0.0357147753238678,-5.24968126796309
9.28,-0.0151755549013615,0.0356171056628227,-5.26894932076395
9.29,-0.0151738608255982,0.035667423158884,-5.28824025541045
9.3,-0.0150122279301286,0.0358253419399261,-5.30755596279132
9.31,-0.0149496905505657,0.0360163785517216,-5.32682459657858
9.32,-0.0149056296795607,0.0361893400549889,-5.34607327722662
9.33,-0.0148679409176111,0.0363976135849953,-5.36533968442573
9.34,-0.0147772468626499,0.0366517342627048,-5.38470499587741
9.35,-0.0147857489064336,0.0366949141025543,-5.40405532547662
9.36,-0.014817395247519,0.0366815514862537,-5.42343349627181
9.37,-0.014725835993886,0.0366513952612877,-5.44280929131205
9.38,-0.0146136991679668,0.0366243049502373,-5.4622045525691
9.39,-0.0144861526787281,0.0364132821559906,-5.48161205995217
9.4,-0.0143401799723506,0.0363086313009262,-5.50102641766065
9.41,-0.0140204885974526,0.0361268296837807,-5.5204219493091
9.42,-0.0137543762102723,0.0360312275588512,-5.53988133573918
9.43,-0.0136024812236428,0.0361082479357719,-5.55931976846394
9.44,-0.0130831208080053,0.036421786993742,-5.57874673056759
9.45,-0.0128096491098404,0.0365668162703514,-5.59819350394697
9.46,-0.0126610724255443,0.0367370210587978,-5.61767970998323
9.47,-0.0126402853056788,0.0368300788104534,-5.63719915233764
9.48,-0.012586448341608,0.03688033670187,-5.65670084357157
9.49,-0.0125426100566983,0.0370096378028393,-5.67626478692776
9.5,-0.0126149253919721,0.0370274968445301,-5.69579898566595
9.51,-0.012609887868166,0.0370734445750713,-5.71542244698853
9.52,-0.0125693827867508,0.0370467938482761,-5.73503377957326
9.53,-0.0124449357390404,0.0369916185736656,-5.75468002941625
9.54,-0.0124521795660257,0.036789283156395,-5.77437992617868
9.55,-0.0124177765101194,0.0366909876465797,-5.79405564261908
9.56,-0.0122274430468678,0.0366104394197464,-5.81372070924771
9.57,-0.0121700344607234,0.0365286841988564,-5.833403834909
9.58,-0.0120534412562847,0.0363948494195938,-5.85299010142077
9.59,-0.011829593218863,0.0361473709344864,-5.87249940847146
9.6,-0.0116329435259104,0.0361389443278313,-5.8920149445347
9.61,-0.0114693762734532,0.0361792705953121,-5.91146867959277
9.62,-0.0114094847813249,0.0362479165196419,-5.93096521435299
9.63,-0.0112509960308671,0.0362226516008377,-5.95045979086587
9.64,-0.0108822323381901,0.0363787636160851,-5.96993604373011
9.65,-0.0108714485540986,0.0364192612469196,-5.9894706281092
9.66,-0.0108017213642597,0.0364095605909824,-6.00905097510181
9.67,-0.0107166320085526,0.0363753437995911,-6.02864433891551
9.68,-0.0107119027525187,0.0362919680774212,-6.04830926609381
9.69,-0.0107472632080317,0.0362590290606022,-6.0680061701343
9.7,-0.0107263773679733,0.0362020060420036,-6.08772673218487
9.71,-0.0106345238164067,0.0361699685454369,-6.10747986011546
9.72,-0.0106260888278484,0.0361107550561428,-6.127227584238
9.73,-0.0105516519397497,0.0360731594264507,-6.14694072900163
9.74,-0.0101891290396452,0.0358765460550785,-6.1666060391835
9.75,-0.0099048987030983,0.035764541476965,-6.18624297977442
9.76,-0.00963272619992495,0.0357078611850739,-6.20581237022978
9.77,-0.009429014287889,0.0356624573469162,-6.22538939702815
9.78,-0.00937696173787117,0.0356153771281242,-6.2449911279053
9.79,-0.00908236298710108,0.0355403646826744,-6.26455843856246
9.8,-0.00908685009926558,0.0354800187051296,-6.28409203674149
9.81,-0.00921461544930935,0.0354152731597424,-6.30359241780133
9.82,-0.0092421118170023,0.0353998653590679,-6.32310429096856
9.83,-0.00933342985808849,0.0353657267987728,-6.34269326815587
9.84,-0.00937662459909916,0.0353614129126072,-6.36217478355761
9.85,-0.00958738755434752,0.0354889146983624,-6.3809470774392
9.86,-0.00968412682414055,0.0356650538742542,-6.39846588963133
9.87,-0.00961295608431101,0.0357988476753235,-6.41424398824763
9.88,-0.00962918624281883,0.03574438393116,-6.42814318591514
9.89,-0.0094047924503684,0.0351552292704582,-6.43839965930123
9.9,-0.00918353721499443,0.0347653701901436,-6.44689020720955
9.91,-0.0089517654851079,0.034504946321249,-6.45364838240883
9.92,-0.00882114097476006,0.0343150347471237,-6.45859769561205
9.93,-0.00876590050756931,0.0341488979756832,-6.46169798036375
9.94,-0.00871495809406042,0.0342764221131802,-6.46153144645104
9.95,-0.00880092661827803,0.0346109122037888,-6.46045472624843
9.96,-0.00902471505105495,0.0349051170051098,-6.45910599665565
9.97,-0.00923977605998516,0.0351418666541576,-6.45793876432896
9.98,-0.00940938293933868,0.0353800244629383,-6.45707846150665
9.99,-0.00956554897129536,0.0359715521335602,-6.45674120754097
10,-0.00957322586327791,0.0360927954316139,-6.45659625246187
10.01,-0.00953974574804306,0.0360193066298962,-6.4565786584225
10.02,-0.00937916431576014,0.0359049066901207,-6.4566539613841
10.03,-0.00925174541771412,0.0357754603028297,-6.45680775107238
10.04,-0.00907859019935131,0.0353177264332771,-6.45702127693334
10.05,-0.00895798858255148,0.0350819192826748,-6.45717812226571
10.06,-0.00890191551297903,0.0349055491387844,-6.45724404847584
10.07,-0.00899330340325832,0.0347759835422039,-6.45723106123095
10.08,-0.00910267326980829,0.0346882455050945,-6.45716697934236
10.09,-0.00921734888106585,0.0346838720142841,-6.45704495299065
10.1,-0.00923474878072739,0.0347720496356487,-6.45690109865211
10.11,-0.0093040382489562,0.0348640084266663,-6.456755288781
10.12,-0.0093384962528944,0.0349532328546047,-6.45664700400626
10.13,-0.00935423094779253,0.0350776948034763,-6.45659364012845
10.14,-0.00923644844442606,0.035335149616003,-6.45663484302639
10.15,-0.0091668963432312,0.035402275621891,-6.45671266623155
10.16,-0.00916587002575397,0.0354698449373245,-6.45678565054226
10.17,-0.00919926632195711,0.035539273172617,-6.45683924866453
10.18,-0.00916842091828585,0.0355972647666931,-6.45686180407261
10.19,-0.0091499350965023,0.0354434065520763,-6.4568651244231
10.2,-0.00922222901135683,0.0353405326604843,-6.4568558231427
10.21,-0.00922429375350475,0.0353047363460064,-6.45683811684149
10.22,-0.00921875983476639,0.0352528803050518,-6.45682119631875
10.23,-0.00928064528852701,0.0351140722632408,-6.45681613118325
10.24,-0.00929452665150166,0.0348841622471809,-6.45679608757442
10.25,-0.00916081666946411,0.03488440066576,-6.45674560945857
10.26,-0.00918607600033283,0.0348604619503021,-6.45669183996001
10.27,-0.00924170110374689,0.034827284514904,-6.45663553415826
10.28,-0.00927487574517727,0.0348382964730263,-6.45659811298102
10.29,-0.00905510596930981,0.035124160349369,-6.45655714923829
10.3,-0.00919101759791374,0.0352266989648342,-6.45653379872978
10.31,-0.00927083380520344,0.0352778658270836,-6.45652866710794
10.32,-0.00917859002947807,0.0353470668196678,-6.45651846545505
10.33,-0.00909629557281733,0.0354043580591679,-6.45650822059826
10.34,-0.00930903851985931,0.0353777557611465,-6.45653561554399
10.35,-0.00926779489964247,0.035376600921154,-6.45658773144243
10.36,-0.00920478906482458,0.0353743657469749,-6.45666633651863
10.37,-0.00923309102654457,0.0353178158402443,-6.45674703927463
10.38,-0.00932194851338863,0.035203006118536,-6.45680567466911
10.39,-0.00920502748340368,0.0351105183362961,-6.4568221621605
10.4,-0.00917397812008858,0.0351206921041012,-6.45681335291196
10.41,-0.00924788136035204,0.0350700318813324,-6.45678962626897
10.42,-0.00922395847737789,0.0349933654069901,-6.45677016838072
10.43,-0.00919404905289412,0.0349800176918507,-6.45674189039324
10.44,-0.0091884545981884,0.0350510701537132,-6.45669035326914
10.45,-0.00920267216861248,0.0351384058594704,-6.45664170991978
10.46,-0.0092602176591754,0.0351014845073223,-6.45657995854629
10.47,-0.00928526092320681,0.0350721292197704,-6.45653192716398
10.48,-0.00920755229890347,0.0352177508175373,-6.45648871264302
10.49,-0.00923244562000036,0.0352805480360985,-6.45646131922943
10.5,-0.00930010341107845,0.0352934449911118,-6.45645437004567
10.51,-0.00925081130117178,0.0352667011320591,-6.45646397983512
10.52,-0.00921380054205656,0.0352536328136921,-6.45647570461848
10.53,-0.00921646878123283,0.0352752357721329,-6.4564901975455
10.54,-0.00925623718649149,0.0352492220699787,-6.45652992082267
10.55,-0.00921951048076153,0.0352019742131233,-6.45657743872417
10.56,-0.00918181985616684,0.0351566970348358,-6.45662675083869
10.57,-0.00920819118618965,0.0350985489785671,-6.45664447976997
10.58,-0.00923753902316093,0.0350584238767624,-6.45664036374967
10.59,-0.00924663431942463,0.0350455678999424,-6.45662654130719
10.6,-0.0092113921418786,0.0350796841084957,-6.45660458830968
10.61,-0.00920999515801668,0.0350621528923512,-6.45656146480683
10.62,-0.0092487595975399,0.035053938627243,-6.45651701950795
10.63,-0.00921997241675854,0.0351200997829437,-6.45647561976002
10.64,-0.00921930558979511,0.0351853556931019,-6.45644141265644
10.65,-0.00919911358505487,0.035222090780735,-6.45642348140676
10.66,-0.00921218190342188,0.0352412983775139,-6.45642399493714
10.67,-0.00926143582910299,0.0352650880813599,-6.45645482126737
10.68,-0.00926339253783226,0.0352728627622128,-6.45650798764522
10.69,-0.00925165414810181,0.0352618917822838,-6.45656207511288
10.7,-0.00920731853693724,0.0352369844913483,-6.4565977693788
10.71,-0.00920489616692066,0.0352290123701096,-6.4566314330695
10.72,-0.0092368982732296,0.0352186895906925,-6.45666748729383
10.73,-0.009227329865098,0.0351895950734615,-6.45670155625766
10.74,-0.00927084404975176,0.0352180488407612,-6.45671970041139
10.75,-0.0092511959373951,0.0351639874279499,-6.45672846404231
10.76,-0.00920132640749216,0.0351542048156261,-6.45672686371116
10.77,-0.00922322459518909,0.0352024808526039,-6.4567116557861
10.78,-0.00921082403510809,0.0352969020605087,-6.45668822902022
10.79,-0.00926203839480877,0.0352871641516685,-6.4566701515554
10.8,-0.00926818884909153,0.0351924262940884,-6.45666125236444
10.81,-0.00924087129533291,0.0351713337004185,-6.45665767661264
10.82,-0.00921173952519894,0.0352083034813404,-6.4566479816335
10.83,-0.00919320434331894,0.0352197103202343,-6.45663698744212
10.84,-0.00924002472311258,0.0351468250155449,-6.45664424650708
10.85,-0.00923171546310186,0.0351489149034023,-6.45664829858181
10.86,-0.00921300519257784,0.0351547263562679,-6.45663669552127
10.87,-0.00920714065432549,0.0351381078362465,-6.45662824296214
10.88,-0.00925035495311022,0.0351645387709141,-6.45662862402004
10.89,-0.00922989379614592,0.0351522006094456,-6.45663220128546
10.9,-0.0091748833656311,0.0351458787918091,-6.4566207011637
10.91,-0.00920338742434978,0.0351492948830128,-6.4566103438883
10.92,-0.00924851093441248,0.0351757742464542,-6.45660790207791
10.93,-0.00926970317959785,0.0351996831595898,-6.45660261934663
10.94,-0.00919466745108366,0.0351953618228436,-6.45658368166858
10.95,-0.00916913151741028,0.0351677611470222,-6.45655215083447
10.96,-0.00929889921098948,0.0352025516331196,-6.45654521154082
10.97,-0.00923123862594366,0.0351899676024914,-6.45652848412652
10.98,-0.00919484067708254,0.0351556465029716,-6.45648837201902
10.99,-0.00919279456138611,0.0351137481629848,-6.45643086342134
11,-0.00922634638845921,0.0350965522229671,-6.45639526249416
11.01,-0.00921321474015713,0.0351057685911655,-6.45635427454025
11.02,-0.00920732039958239,0.0351235866546631,-6.45632659449546
11.03,-0.00924744643270969,0.035128191113472,-6.4563082925351
11.04,-0.0092373825609684,0.0351222530007362,-6.45630687030186
11.05,-0.0091973515227437,0.0351366586983204,-6.45632524742061
11.06,-0.00921326410025358,0.0351571068167686,-6.45633669510642
11.07,-0.00924521498382092,0.0352027602493763,-6.45636892828176
11.08,-0.00924982782453299,0.0352160334587097,-6.4564078263245
11.09,-0.00919154658913612,0.0351532101631165,-6.45645870514311
11.1,-0.00925501808524132,0.0351670756936073,-6.45648423490798
11.11,-0.00921661779284477,0.0351672135293484,-6.45649698178808
11.12,-0.00918346736580133,0.0351431518793106,-6.45649465626869
11.13,-0.00921392533928156,0.0351080447435379,-6.45647762719117
11.14,-0.00926239509135485,0.0350922308862209,-6.45645819174437
11.15,-0.00926538836210966,0.0351077951490879,-6.4564279347435
11.16,-0.00916528888046741,0.0351613499224186,-6.45638958144956
11.17,-0.00917562283575535,0.0351712256669998,-6.45635095644368
11.18,-0.00926067680120468,0.0351455919444561,-6.45634730131187
11.19,-0.0092989495024085,0.0351487845182419,-6.45635901632587
11.2,-0.009220858104527,0.0351825580000877,-6.45637596739753
11.21,-0.00922878086566925,0.0351845175027847,-6.45639453573088
11.22,-0.00929487776011229,0.0351630561053753,-6.45642424369124
11.23,-0.00925611983984709,0.0351417250931263,-6.45646860067891
11.24,-0.00917219743132591,0.0351613126695156,-6.45649283051514
11.25,-0.00921956263482571,0.0351562239229679,-6.45648134418375
11.26,-0.00927521008998156,0.03513552993536,-6.45647608441656
11.27,-0.00924154277890921,0.0351249538362026,-6.45648995643116
11.28,-0.00918227434158325,0.0351272784173489,-6.45648480387126
11.29,-0.00917012989521027,0.0351742431521416,-6.45645375563348
11.3,-0.00926599185913801,0.0351599119603634,-6.45643800090004
11.31,-0.00927459541708231,0.0351287797093391,-6.45645329272814
11.32,-0.00919921509921551,0.0351543836295605,-6.4564578652009
11.33,-0.00912679452449083,0.0352377369999886,-6.45647409860272
11.34,-0.00930720008909702,0.0352002270519733,-6.45650242879408
11.35,-0.00932876206934452,0.0351645313203335,-6.45655441487403
11.36,-0.00917154178023338,0.0352015756070614,-6.45659143004049
11.37,-0.00912715867161751,0.0352427922189236,-6.45658985989233
11.38,-0.00923914648592472,0.0352140441536903,-6.45659557677945
11.39,-0.00935658533126116,0.0351442918181419,-6.4566209143707
11.4,-0.00925706326961517,0.0351248532533646,-6.45663857199772
11.41,-0.00914537813514471,0.03517771884799,-6.456615729378
11.42,-0.00917066819965839,0.0351794026792049,-6.45658157229999
11.43,-0.00929110404103994,0.035136453807354,-6.45653601317994
11.44,-0.00931726116687059,0.035098485648632,-6.45648950379
11.45,-0.00915462337434292,0.0351616442203522,-6.45645302110523
11.46,-0.00914618093520403,0.0351972952485085,-6.45642142843855
11.47,-0.00936607178300619,0.0351107120513916,-6.45640385302984
11.48,-0.00922022387385368,0.035119891166687,-6.45639109474707
11.49,-0.00909216329455376,0.0351969189941883,-6.45637874740035
11.5,-0.00918944459408522,0.0352449268102646,-6.45637531522067
11.51,-0.00935622397810221,0.035189975053072,-6.45641221727139
11.52,-0.00930403079837561,0.0351054407656193,-6.45645624775636
11.53,-0.00914417486637831,0.035146951675415,-6.45647335179819
11.54,-0.00913467723876238,0.0352207943797112,-6.45648699413058
11.55,-0.00925921089947224,0.0352188758552074,-6.45650610795005
11.56,-0.00935023464262486,0.0350881218910217,-6.45652443358136
11.57,-0.00924314558506012,0.0350378006696701,-6.45653596913854
11.58,-0.00916779506951571,0.0350974202156067,-6.45651306843422
11.59,-0.00927349086850882,0.0351545289158821,-6.4564803093203
11.6,-0.00930740777403116,0.0351105853915215,-6.45645844987067
11.61,-0.00921390857547522,0.0351302586495876,-6.4564299186399
11.62,-0.00915104802697897,0.0352155789732933,-6.45641476159523
11.63,-0.00924963317811489,0.0352480709552765,-6.45645467513652
11.64,-0.00932994764298201,0.035204604268074,-6.45649484163425
11.65,-0.00927891209721565,0.0351799428462982,-6.45652066809079
11.66,-0.00912252720445395,0.0352108217775822,-6.4565378433126
11.67,-0.00916433427482843,0.0352123118937016,-6.45655232141527
11.68,-0.00933743827044964,0.0351606868207455,-6.45657001429112
11.69,-0.00934932846575975,0.035110417753458,-6.45658640102206
11.7,-0.00917881075292826,0.0351415239274502,-6.45657081722738
11.71,-0.00925199035555124,0.0351317748427391,-6.45657009116679
11.72,-0.00933472439646721,0.0351098291575909,-6.45655309509015
11.73,-0.00924706645309925,0.0351262055337429,-6.45649981826515
11.74,-0.00911826640367508,0.0351554974913597,-6.45643404627966
11.75,-0.00919797830283642,0.0351440384984016,-6.45637549111566
11.76,-0.00930999871343374,0.0350813046097755,-6.45633845456983
11.77,-0.00925928074866533,0.0350983999669552,-6.45631119778704
11.78,-0.00914984382688999,0.0351500399410725,-6.45629766464266
11.79,-0.00919152144342661,0.0351774767041206,-6.45629207681008
11.8,-0.00932596530765295,0.0351618528366089,-6.45632533762634
11.81,-0.00929302908480167,0.0351716242730618,-6.45634696874581
11.82,-0.00918449927121401,0.0351895540952682,-6.45637876516511
11.83,-0.00916844420135021,0.0352353304624557,-6.45641256079788
11.84,-0.00930580496788025,0.0352104790508747,-6.45646769912513
11.85,-0.00926587916910648,0.0351967997848988,-6.4565187756503
11.86,-0.00921156164258718,0.03514089807868,-6.45654575557125
11.87,-0.0091892946511507,0.0351362861692905,-6.45654579248704
11.88,-0.00924932770431042,0.0351349115371704,-6.45653808501278
