0.006,0.022403939,0.000798986,-0.023025859,,
0.016,0.022363082,0.000802746,-0.023020456,,
0.026,0.022304378,0.000797483,-0.023028769,,
0.036,0.02235613,0.000812477,-0.023026508,,
0.046,0.022427361,0.000827465,-0.023012702,,
0.056,0.022378067,0.000824628,-0.023004984,,
0.066,0.022321984,0.000790103,-0.023004872,,
0.076,0.022365594,0.000793684,-0.023013987,,
0.086,0.022393549,0.000839157,-0.023020138,,
0.096,0.022354307,0.000828005,-0.02301715,,
0.106,0.022306468,0.000780687,-0.023008064,,
0.116,0.02233118,0.000750267,-0.023014363,,
0.126,0.022354269,0.000815679,-0.023016926,,
0.136,0.022333646,0.000801972,-0.023014102,,
0.146,0.022315528,0.000792057,-0.023018212,,
0.156,0.022395452,0.000795361,-0.02302286,,
0.166,0.022404423,0.000836299,-0.023017815,,
0.176,0.022328153,0.000729284,-0.022940046,,
0.186,0.022375785,0.000677102,-0.022877135,,
0.196,0.022453591,0.00070634,-0.022835153,,
0.206,0.022340633,0.00075991,-0.022786017,,
0.216,0.022307361,0.000779921,-0.022725282,,
0.226,0.022413969,0.000676403,-0.02266883,,
0.236,0.022416268,0.000720447,-0.022617373,,
0.246,0.022345468,0.000773991,-0.02257067,,
0.256,0.022338288,0.000767885,-0.022528807,,
0.266,0.022362458,0.000694602,-0.022489915,,
0.276,0.022355575,0.000721429,-0.022522727,,
0.286,0.022365607,0.000784722,-0.022551668,,
0.296,0.022365533,0.000769132,-0.02256128,,
0.306,0.022376044,0.000706295,-0.022578305,,
0.316,0.022379909,0.000681698,-0.022596397,,
0.326,0.022343455,0.000766106,-0.02259657,,
0.336,0.022357648,0.000795703,-0.022593684,,
0.346,0.02238081,0.000740322,-0.022586315,,
0.356,0.022343894,0.000670884,-0.022584152,,
0.366,0.022334006,0.000677742,-0.022592112,,
0.376,0.022363182,0.000727196,-0.022580087,,
0.386,0.022382578,0.000717323,-0.022578461,,
0.396,0.022352532,0.00068126,-0.022582505,,
0.406,0.022343455,0.000710712,-0.022576709,,
0.416,0.022328785,0.000771254,-0.022577191,,
0.426,0.022370582,0.000703875,-0.022583855,,
0.436,0.022404976,0.000654538,-0.022594929,,
0.446,0.022345971,0.000679512,-0.022601937,,
0.456,0.022306634,0.000767041,-0.022609352,,
0.466,0.022305718,0.000779138,-0.022604004,,
0.476,0.022380741,0.000696457,-0.022601247,,
0.486,0.022323247,0.000734105,-0.022602874,,
0.496,0.022312585,0.00077058,-0.02260331,,
0.506,0.022354081,0.000732976,-0.022594305,,
0.516,0.022372909,0.000687328,-0.022598211,,
0.526,0.022317421,0.00070788,-0.022620408,,
0.536,0.022363326,0.000740743,-0.022625055,,
0.546,0.022380371,0.000769396,-0.022628989,,
0.556,0.022323448,0.000776098,-0.022629589,,
0.566,0.022297526,0.000712039,-0.022641138,,
0.576,0.022370696,0.000698129,-0.022674077,,
0.586,0.022366855,0.000796969,-0.022677222,,
0.596,0.022309352,0.00080831,-0.022679595,,
0.606,0.022311009,0.000704334,-0.022689331,,
0.616,0.022372823,0.000633729,-0.02268485,,
0.626,0.022374919,0.000758236,-0.022680727,,
0.636,0.022318758,0.000754403,-0.022686861,,
0.646,0.022358112,0.000680124,-0.022692551,,
0.656,0.02238206,0.000655565,-0.022691846,,
0.666,0.022377867,0.000732286,-0.022694987,,
0.676,0.022318829,0.000781481,-0.022691477,,
0.686,0.022398639,0.000710103,-0.022704306,,
0.696,0.022401288,0.000688749,-0.022715327,,
0.706,0.02235711,0.000743308,-0.022738623,,
0.716,0.022312608,0.000750111,-0.022756711,,
0.726,0.022385022,0.000746795,-0.022751675,,
0.736,0.022404209,0.00073911,-0.022746673,,
0.746,0.02233123,0.000694573,-0.022742993,,
0.756,0.022300012,0.000665774,-0.022743151,,
0.766,0.022345366,0.000653535,-0.022724511,,
0.776,0.022359289,0.000736385,-0.022690454,,
0.786,0.022291783,0.000704185,-0.022658076,,
0.796,0.02233986,0.00070675,-0.022633735,,
0.806,0.02235687,0.000716943,-0.022605412,,
0.816,0.022362201,0.00073152,-0.022577475,,
0.826,0.022324575,0.000712861,-0.022564727,,
0.836,0.022339044,0.000701817,-0.022551061,,
0.846,0.022386298,0.000722528,-0.022525852,,
0.856,0.02233668,0.000729817,-0.022507233,,
0.866,0.022302754,0.000702121,-0.022503112,,
0.876,0.022390423,0.000693158,-0.022512358,,
0.886,0.022377029,0.000709922,-0.022514325,,
0.896,0.022313621,0.000743011,-0.022519729,,
0.906,0.022284556,0.000720806,-0.022519761,,
0.916,0.022349626,0.000665475,-0.022525278,,
0.926,0.022364371,0.000765809,-0.022516717,,
0.936,0.022323877,0.000773071,-0.02251995,,
0.946,0.022319542,0.000691189,-0.0225378,,
0.956,0.022364249,0.000659343,-0.022545102,,
0.966,0.022357803,0.000697076,-0.022551704,,
0.976,0.02231353,0.000763196,-0.022549288,,
0.986,0.022346221,0.000710476,-0.022552213,,
0.996,0.022358695,0.000675031,-0.022548548,,
1.006,0.022357052,0.000695202,-0.022546296,,
1.016,0.022320999,0.000750251,-0.022545044,,
1.026,0.022389742,0.0007282,-0.022551794,,
1.036,0.022402298,0.000679834,-0.022554035,,
1.046,0.022372251,0.000665668,-0.022556501,,
1.056,0.022323582,0.000698525,-0.022573168,,
1.066,0.022350026,0.000749814,-0.022578186,,
1.076,0.022371408,0.000702793,-0.022586421,,
1.086,0.022354115,0.000686534,-0.022591326,,
1.096,0.022311931,0.000727008,-0.02260204,,
1.106,0.022326343,0.000761312,-0.022607914,,
1.116,0.022380123,0.00073773,-0.022611785,,
1.126,0.022360176,0.000663965,-0.022632269,,
1.136,0.022347689,0.000779521,-0.022642543,,
1.146,0.022323117,0.00070974,-0.02265853,,
1.156,0.022365052,0.000676142,-0.022651687,,
1.166,0.022350062,0.000685528,-0.022649444,,
1.176,0.022356667,0.000750537,-0.022653528,,
1.186,0.022359313,0.000713554,-0.022654233,,
1.196,0.022344517,0.000667739,-0.022644134,,
1.206,0.022366403,0.000719531,-0.022633861,,
1.216,0.022325851,0.000775045,-0.022633032,,
1.226,0.022302404,0.000756636,-0.022621345,,
1.236,0.022334047,0.000740758,-0.022621901,,
1.246,0.022376927,0.00072598,-0.022609297,,
1.256,0.022411805,0.000720474,-0.022599866,,
1.266,0.022342604,0.000702652,-0.022595877,,
1.276,0.02232508,0.000712025,-0.022589197,,
1.286,0.022291761,0.00071977,-0.022590318,,
1.296,0.022418749,0.00073829,-0.022590755,,
1.306,0.022387341,0.000733168,-0.022594262,,
1.316,0.022288021,0.000711146,-0.022599808,,
1.326,0.022365322,0.000686494,-0.022601829,,
1.336,0.022425516,0.000772505,-0.022643623,,
1.346,0.022354975,0.000817168,-0.022697385,,
1.356,0.022322867,0.000836653,-0.022764731,,
1.366,0.022338564,0.000827843,-0.022813977,,
1.376,0.02242762,0.000839743,-0.022836601,,
1.386,0.022396337,0.000864424,-0.022858276,,
1.396,0.022322264,0.000873331,-0.022893814,,
1.406,0.02234472,0.000836,-0.022935046,,
1.416,0.022363991,0.000887971,-0.023008944,,
1.426,0.022337118,0.000951233,-0.023060665,,
1.436,0.022307182,0.000869274,-0.023084784,,
1.446,0.02233897,0.000882578,-0.023113143,,
1.456,0.022336368,0.000941135,-0.023130958,,
1.466,0.022308405,0.000964855,-0.023151622,,
1.476,0.022357177,0.000906037,-0.023197256,,
1.486,0.022393608,0.000895939,-0.023255924,,
1.496,0.022345148,0.000920961,-0.023308345,,
1.506,0.022318285,0.000955051,-0.023348695,,
1.516,0.022296354,0.000957167,-0.023337953,,
1.526,0.022383243,0.000940796,-0.023345422,,
1.536,0.022411775,0.000946659,-0.0233297,,
1.546,0.022355089,0.000962483,-0.023316843,,
1.556,0.022261677,0.001039495,-0.02334261,,
1.566,0.02226794,0.001071197,-0.023409655,,
1.576,0.022376446,0.001062097,-0.023484886,,
1.586,0.02237785,0.001064626,-0.02354894,,
1.596,0.022331608,0.001050192,-0.023593534,,
1.606,0.022327803,0.000972016,-0.023623189,,
1.616,0.022411335,0.000927993,-0.023659806,,
1.626,0.022391941,0.000884883,-0.023709042,,
1.636,0.022284875,0.00088766,-0.023784016,,
1.646,0.022291103,0.000909394,-0.023846551,,
1.656,0.022396425,0.000977925,-0.023856003,,
1.666,0.022385363,0.000979662,-0.023823003,,
1.676,0.022284446,0.000949694,-0.023792017,,
1.686,0.022267228,0.000901476,-0.023764578,,
1.696,0.022382328,0.000911646,-0.023750694,,
1.706,0.022420408,0.000973143,-0.023749238,,
1.716,0.022324007,0.001012727,-0.023776271,,
1.726,0.022316253,0.001042416,-0.023785468,,
1.736,0.022463322,0.001138333,-0.02375937,,
1.746,0.02232858,0.00116641,-0.023728431,,
1.756,0.022273108,0.001123931,-0.023717079,,
1.766,0.022291508,0.00101703,-0.023735997,,
1.776,0.02240207,0.000977549,-0.023715637,,
1.786,0.022366546,0.00102727,-0.023653618,,
1.796,0.022287976,0.001048006,-0.023580314,,
1.806,0.022300148,0.000992079,-0.023531668,,
1.816,0.0223969,0.000915873,-0.023450566,,
1.826,0.022392467,0.000924626,-0.023368632,,
1.836,0.022283787,0.00101509,-0.023315311,,
1.846,0.02223797,0.001070717,-0.023335453,,
1.856,0.022294613,0.000937507,-0.023819445,,
1.866,0.022360507,0.000917502,-0.024704305,,
1.876,0.022615604,0.000962962,-0.026137466,,
1.886,0.023115985,0.000942562,-0.028212939,,
1.896,0.023879081,0.000902616,-0.030854471,,
1.906,0.024821667,0.000936329,-0.033938371,,
1.916,0.025944365,0.001086011,-0.037503885,,
1.926,0.027195752,0.001166022,-0.041547257,,
1.936,0.028605938,0.001237396,-0.046075799,,
1.946,0.030204179,0.001279666,-0.051048632,,
1.956,0.031883057,0.00131903,-0.056071696,,
1.966,0.033380866,0.001308687,-0.061161001,,
1.976,0.036121871,0.001096288,-0.066807139,,
1.986,0.037328891,0.000997981,-0.072369436,,
1.996,0.038352221,0.000872234,-0.077912043,,
2.006,0.039170355,0.00070762,-0.083541998,,
2.016,0.039936021,0.000534832,-0.089226806,,
2.026,0.040864818,0.000376766,-0.09496339,,
2.036,0.04178929,0.000240363,-0.100707497,,
2.046,0.04268023,8.02E-05,-0.106471298,,
2.056,0.043616273,-0.000103554,-0.112252789,,
2.066,0.044657432,-0.000311301,-0.117988971,,
2.076,0.045839593,-0.000425166,-0.123130009,,
2.086,0.047008086,-0.000519827,-0.128260445,,
2.096,0.048083946,-0.000679351,-0.133364309,,
2.106,0.05054038,-0.001064025,-0.138963437,,
2.116,0.051755477,-0.001038527,-0.1445471,,
2.126,0.052857772,-0.001075411,-0.150120405,,
2.136,0.053917635,-0.001261097,-0.155699995,,
2.146,0.0550026,-0.001555706,-0.161253266,,
2.156,0.056084808,-0.001687779,-0.166815244,,
2.166,0.057053335,-0.001802789,-0.172451172,,
2.176,0.057995472,-0.001973871,-0.178155615,,
2.186,0.059023559,-0.002231342,-0.183891694,,
2.196,0.060106248,-0.002418219,-0.189660106,,
2.206,0.061173949,-0.002574591,-0.194898325,,
2.216,0.062196255,-0.00274207,-0.200117103,,
2.226,0.064423323,-0.003152697,-0.205743144,,
2.236,0.065715969,-0.003434622,-0.211307272,,
2.246,0.066927783,-0.003739233,-0.216824541,,
2.256,0.068099916,-0.004009732,-0.222321852,,
2.266,0.069270149,-0.004289364,-0.227836132,,
2.276,0.070571959,-0.004580447,-0.233304108,,
2.286,0.071771264,-0.00485539,-0.238686099,,
2.296,0.072891586,-0.005135585,-0.244022664,,
2.306,0.07382343,-0.005458915,-0.249340745,,
2.316,0.074789591,-0.005788574,-0.254728276,,
2.326,0.075762652,-0.006042233,-0.25979477,,
2.336,0.076716632,-0.006284246,-0.264942783,,
2.346,0.077592835,-0.006548868,-0.270117245,,
2.356,0.079404645,-0.006892093,-0.275768673,,
2.366,0.080453649,-0.007008452,-0.281371559,,
2.376,0.081670016,-0.007202059,-0.286966553,,
2.386,0.082827963,-0.007521402,-0.292624706,,
2.396,0.083990894,-0.007790069,-0.298281573,,
2.406,0.085154161,-0.007884415,-0.303949155,,
2.416,0.086390778,-0.008071738,-0.309517171,,
2.426,0.087469153,-0.008417793,-0.314964911,,
2.436,0.088506483,-0.008886844,-0.320389731,,
2.446,0.089572072,-0.009259704,-0.325842417,,
2.456,0.090693519,-0.009555918,-0.3308254,,
2.466,0.091754951,-0.009859199,-0.335833683,,
2.476,0.093540147,-0.010776039,-0.341348028,,
2.486,0.094558842,-0.011218783,-0.346875573,,
2.496,0.095545761,-0.011545781,-0.352418297,,
2.506,0.096368238,-0.011893783,-0.357937943,,
2.516,0.097246893,-0.012318919,-0.363458528,,
2.526,0.098299153,-0.012786724,-0.368982921,,
2.536,0.09937612,-0.013182955,-0.374474088,,
2.546,0.100278065,-0.013512679,-0.379939997,,
2.556,0.101200111,-0.013834497,-0.385390391,,
2.566,0.10224323,-0.014200224,-0.390881082,,
2.576,0.103377916,-0.014563971,-0.395913126,,
2.586,0.104489349,-0.014853733,-0.400928803,,
2.596,0.105479181,-0.015109244,-0.405914404,,
2.606,0.107576303,-0.015652601,-0.411397506,,
2.616,0.108698994,-0.016048685,-0.416941231,,
2.626,0.10973002,-0.01649354,-0.422511209,,
2.636,0.110751912,-0.016899396,-0.428107062,,
2.646,0.111808926,-0.017319804,-0.433688253,,
2.656,0.112871669,-0.017773792,-0.439223698,,
2.666,0.113916427,-0.018285597,-0.444708903,,
2.676,0.114855587,-0.018837335,-0.45018827,,
2.686,0.115780868,-0.019371662,-0.455698069,,
2.696,0.116684251,-0.019898018,-0.461219918,,
2.706,0.11763972,-0.020379459,-0.46624331,,
2.716,0.118613385,-0.020890474,-0.471261252,,
2.726,0.119527169,-0.021459298,-0.476316294,,
2.736,0.121521287,-0.022477146,-0.481922215,,
2.746,0.122496292,-0.022929136,-0.487496225,,
2.756,0.123429127,-0.023458732,-0.493049865,,
2.766,0.124390878,-0.02397776,-0.498646396,,
2.776,0.125374034,-0.024415897,-0.504245522,,
2.786,0.126351699,-0.024789356,-0.509851156,,
2.796,0.127301484,-0.025189428,-0.515512065,,
2.806,0.128299698,-0.025585858,-0.521214725,,
2.816,0.129354969,-0.025958501,-0.526894995,,
2.826,0.130456388,-0.026393441,-0.53250164,,
2.836,0.131560475,-0.026896372,-0.53755799,,
2.846,0.132672235,-0.027373442,-0.542689501,,
2.856,0.134835392,-0.028452175,-0.548389288,,
2.866,0.135883003,-0.029091846,-0.554021503,,
2.876,0.136896923,-0.029713077,-0.559578823,,
2.886,0.137894183,-0.030269235,-0.565042495,,
2.896,0.138822049,-0.030966418,-0.570434788,,
2.906,0.139664516,-0.031718075,-0.575745828,,
2.916,0.140399456,-0.03238276,-0.581050997,,
2.926,0.141115338,-0.032931674,-0.586407538,,
2.936,0.141785011,-0.033498663,-0.591800081,,
2.946,0.142519966,-0.034108121,-0.597242387,,
2.956,0.14334923,-0.034765493,-0.602216627,,
2.966,0.14425838,-0.035382506,-0.607220654,,
2.976,0.146193936,-0.03660794,-0.612704784,,
2.986,0.147260725,-0.037284411,-0.618198018,,
2.996,0.148390457,-0.037881389,-0.623741175,,
3.006,0.149498329,-0.038446501,-0.629389468,,
3.016,0.150448099,-0.039010536,-0.635039034,,
3.026,0.151396722,-0.039668266,-0.640654446,,
3.036,0.152392268,-0.040300757,-0.646217792,,
3.046,0.153284878,-0.040785067,-0.651705216,,
3.056,0.153999001,-0.041228548,-0.657180095,,
3.066,0.154660597,-0.041694164,-0.662701506,,
3.076,0.15536496,-0.042265601,-0.667810941,,
3.086,0.156210288,-0.042838037,-0.672935411,,
3.096,0.157008305,-0.043436594,-0.677979196,,
3.106,0.158603579,-0.044985026,-0.683414228,,
3.116,0.159434229,-0.045754753,-0.688843531,,
3.126,0.1602467,-0.046425179,-0.694292017,,
3.136,0.161072418,-0.047137551,-0.699778357,,
3.146,0.161972061,-0.047911026,-0.705331448,,
3.156,0.162915006,-0.048753195,-0.710884934,,
3.166,0.163836449,-0.04952196,-0.716397418,,
3.176,0.164579719,-0.050228894,-0.721861113,,
3.186,0.165316373,-0.050864741,-0.727366995,,
3.196,0.166114688,-0.051504321,-0.732955313,,
3.206,0.166990757,-0.052162644,-0.738171264,,
3.216,0.167892545,-0.052770153,-0.743443886,,
3.226,0.168732017,-0.053366065,-0.74870364,,
3.236,0.170460433,-0.054750688,-0.754380062,,
3.246,0.171505034,-0.055595245,-0.760006493,,
3.256,0.17240867,-0.056323644,-0.765572864,,
3.266,0.173181549,-0.056990352,-0.77107006,,
3.276,0.173898309,-0.057670448,-0.776561178,,
3.286,0.174688548,-0.058493406,-0.782060927,,
3.296,0.175468341,-0.059364632,-0.787544625,,
3.306,0.176069319,-0.060258355,-0.792918935,,
3.316,0.176652625,-0.061045997,-0.798228057,,
3.326,0.177285731,-0.061736885,-0.803552135,,
3.336,0.178041026,-0.062442977,-0.808479542,,
3.346,0.17878288,-0.063205972,-0.813441623,,
3.356,0.180125326,-0.064822108,-0.818965311,,
3.366,0.180942327,-0.065623678,-0.824566479,,
3.376,0.181876048,-0.066483647,-0.830199483,,
3.386,0.182844222,-0.067474209,-0.835794607,,
3.396,0.183654189,-0.068411484,-0.841370894,,
3.406,0.184556291,-0.069258749,-0.846966404,,
3.416,0.185500741,-0.070166364,-0.852570039,,
3.426,0.186395764,-0.071089476,-0.85820432,,
3.436,0.187130377,-0.071913108,-0.863835278,,
3.446,0.187781274,-0.072700284,-0.869467629,,
3.456,0.188568771,-0.073435128,-0.874585903,,
3.466,0.189309403,-0.074115947,-0.87967642,,
3.476,0.190527007,-0.075538434,-0.885256003,,
3.486,0.191254809,-0.076354578,-0.890853867,,
3.496,0.191931754,-0.07710591,-0.896425727,,
3.506,0.192523539,-0.077873573,-0.901977995,,
3.516,0.193087444,-0.078738615,-0.907525129,,
3.526,0.193797335,-0.079657599,-0.913045039,,
3.536,0.194604293,-0.080546163,-0.918551172,,
3.546,0.19528091,-0.081465282,-0.924036854,,
3.556,0.195952207,-0.082454376,-0.929503786,,
3.566,0.196690857,-0.083485693,-0.934933803,,
3.576,0.197525442,-0.084492423,-0.939783697,,
3.586,0.198249549,-0.08548069,-0.94461299,,
3.596,0.198895425,-0.086494975,-0.949570675,,
3.606,0.200293392,-0.088446595,-0.955106867,,
3.616,0.200972363,-0.089354724,-0.960663531,,
3.626,0.201582491,-0.090226308,-0.966245297,,
3.636,0.202130169,-0.091003262,-0.971782236,,
3.646,0.202775225,-0.091756478,-0.977343939,,
3.656,0.203416631,-0.09255439,-0.982981675,,
3.666,0.203922167,-0.093364857,-0.988671053,,
3.676,0.204496369,-0.094175965,-0.994397445,,
3.686,0.205117881,-0.094984874,-1.000124058,,
3.696,0.205816627,-0.095743105,-1.005785423,,
3.706,0.206522018,-0.096557699,-1.010910604,,
3.716,0.207051992,-0.09741272,-1.016003744,,
3.726,0.208274543,-0.099407941,-1.021486346,,
3.736,0.208859414,-0.100287773,-1.026934615,,
3.746,0.209345758,-0.101091199,-1.032323442,,
3.756,0.209909111,-0.101874657,-1.03764587,,
3.766,0.210554466,-0.102763318,-1.042981583,,
3.776,0.211109951,-0.103743114,-1.048383418,,
3.786,0.211515158,-0.104755826,-1.053811329,,
3.796,0.211973101,-0.105754994,-1.059201854,,
3.806,0.212597564,-0.106655568,-1.06460636,,
3.816,0.213124409,-0.107562773,-1.070148056,,
3.826,0.213657588,-0.108552575,-1.075347707,,
3.836,0.214179754,-0.109555565,-1.080570109,,
3.846,0.214854315,-0.110685416,-1.085765412,,
3.856,0.216106996,-0.112953596,-1.091405025,,
3.866,0.216699094,-0.113927737,-1.097052311,,
3.876,0.217220366,-0.114802636,-1.102678373,,
3.886,0.21774897,-0.115638696,-1.108280029,,
3.896,0.218212098,-0.116493762,-1.113925541,,
3.906,0.218670383,-0.117337301,-1.119586337,,
3.916,0.21917291,-0.118138365,-1.125162864,,
3.926,0.220109046,-0.119879566,-1.131183524,,
3.936,0.220488697,-0.120857112,-1.137271169,,
3.946,0.22095558,-0.121726386,-1.143370164,,
3.956,0.221528366,-0.122642383,-1.148984045,,
3.966,0.222145081,-0.123684436,-1.154588525,,
3.976,0.223040968,-0.126158789,-1.160717833,,
3.986,0.223555148,-0.127279893,-1.166847537,,
3.996,0.223948434,-0.128352955,-1.17297837,,
4.006,0.224288106,-0.129431784,-1.179103565,,
4.016,0.224758178,-0.130528659,-1.185220582,,
4.026,0.225699678,-0.132797435,-1.191265558,,
4.036,0.226111442,-0.133879796,-1.197263264,,
4.046,0.226486355,-0.134934783,-1.203322682,,
4.056,0.226972982,-0.135926127,-1.209506702,,
4.066,0.227439851,-0.136932239,-1.215721613,,
4.076,0.228304923,-0.138805553,-1.221908317,,
4.086,0.228703409,-0.139627054,-1.228059024,,
4.096,0.229062527,-0.140536144,-1.234159254,,
4.106,0.229437009,-0.141420454,-1.240250091,,
4.116,0.22989817,-0.142190799,-1.246358461,,
4.126,0.230623364,-0.143615231,-1.252547103,,
4.136,0.230908141,-0.144692555,-1.258726806,,
4.146,0.231324166,-0.145910189,-1.264828005,,
4.156,0.231807068,-0.147045225,-1.270840487,,
4.166,0.232100323,-0.148092002,-1.276784489,,
4.176,0.232696578,-0.150726527,-1.282806524,,
4.186,0.233047977,-0.152022734,-1.288856567,,
4.196,0.233305305,-0.153147325,-1.294885916,,
4.206,0.233499974,-0.154233128,-1.30087863,,
4.216,0.233788818,-0.155346021,-1.306846751,,
4.226,0.234287307,-0.157360092,-1.312818365,,
4.236,0.234500259,-0.158199385,-1.318807768,,
4.246,0.234763443,-0.159069121,-1.32486591,,
4.256,0.235093698,-0.159860864,-1.330938538,,
4.266,0.235446855,-0.16060406,-1.337031149,,
4.276,0.236069307,-0.162297487,-1.343058735,,
4.286,0.236422136,-0.163181826,-1.349125614,,
4.296,0.236785308,-0.164097905,-1.355213686,,
4.306,0.237167016,-0.165082678,-1.361287147,,
4.316,0.237458363,-0.166144192,-1.367350732,,
4.326,0.237978682,-0.168199718,-1.373433335,,
4.336,0.238211215,-0.169275701,-1.379553047,,
4.346,0.238477767,-0.170521379,-1.385664015,,
4.356,0.238689244,-0.171756148,-1.391717995,,
4.366,0.2388504,-0.172896355,-1.397737456,,
4.376,0.239046395,-0.175186336,-1.403721059,,
4.386,0.239188567,-0.176513568,-1.409723021,,
4.396,0.23930116,-0.17777887,-1.415760101,,
4.406,0.23947306,-0.178898767,-1.42182265,,
4.416,0.239709809,-0.179940403,-1.427875272,,
4.426,0.240120992,-0.181928083,-1.433884519,,
4.436,0.240353644,-0.182845801,-1.439846732,,
4.446,0.240590379,-0.183756694,-1.445798483,,
4.456,0.240829706,-0.1846627,-1.451814577,,
4.466,0.24103643,-0.185666874,-1.457922637,,
4.476,0.241358072,-0.187674537,-1.464045064,,
4.486,0.241490051,-0.18868959,-1.470147902,,
4.496,0.241617426,-0.189724103,-1.4762168,,
4.506,0.241779506,-0.190740794,-1.482314357,,
4.516,0.241851836,-0.191791445,-1.48844977,,
4.526,0.241969571,-0.19418247,-1.49460349,,
4.536,0.242101833,-0.195345789,-1.500745192,,
4.546,0.242171645,-0.196493566,-1.50685557,,
4.556,0.242149532,-0.197739393,-1.512930734,,
4.566,0.242184669,-0.199082568,-1.518943348,,
4.576,0.242381141,-0.201671466,-1.525062212,,
4.586,0.242338821,-0.202817202,-1.531137025,,
4.596,0.242362395,-0.203954294,-1.537189262,,
4.606,0.242460206,-0.205187559,-1.543217209,,
4.616,0.242600679,-0.206386581,-1.549264422,,
4.626,0.242494956,-0.208194748,-1.555254669,,
4.636,0.242581964,-0.209099784,-1.561304017,,
4.646,0.242709741,-0.210025236,-1.567412907,,
4.656,0.242750838,-0.210979551,-1.573555623,,
4.666,0.242627949,-0.211968035,-1.57972604,,
4.676,0.242685854,-0.214263812,-1.585816039,,
4.686,0.242737696,-0.215498462,-1.591889728,,
4.696,0.242725343,-0.216687024,-1.597944919,,
4.706,0.242737859,-0.217866659,-1.604010414,,
4.716,0.242816672,-0.219066635,-1.61008344,,
4.726,0.242654115,-0.221366704,-1.616157859,,
4.736,0.242568508,-0.222396418,-1.62218562,,
4.746,0.24265109,-0.223350346,-1.628184933,,
4.756,0.242605373,-0.224308074,-1.634176167,,
4.766,0.24252972,-0.225240752,-1.640196805,,
4.776,0.242317989,-0.227262214,-1.646289798,,
4.786,0.242259607,-0.228320226,-1.652430048,,
4.796,0.24220711,-0.22939007,-1.658648938,,
4.806,0.242151529,-0.230503589,-1.664867339,,
4.816,0.242082745,-0.231611356,-1.671025425,,
4.826,0.241983578,-0.233900487,-1.677121056,,
4.836,0.241959736,-0.235041454,-1.683204385,,
4.846,0.241878688,-0.236063927,-1.689314424,,
4.856,0.241762593,-0.23690933,-1.695422211,,
4.866,0.241610378,-0.237804383,-1.701537274,,
4.876,0.241433606,-0.239675537,-1.707580736,,
4.886,0.241390347,-0.240531981,-1.71358689,,
4.896,0.24127914,-0.241497234,-1.719613502,,
4.906,0.241112769,-0.242633268,-1.725678023,,
4.916,0.24097763,-0.243806794,-1.731755579,,
4.926,0.240637913,-0.246062711,-1.737916105,,
4.936,0.240430444,-0.247262731,-1.744075148,,
4.946,0.24030517,-0.248577908,-1.750130568,,
4.956,0.240224987,-0.249841079,-1.75615041,,
4.966,0.239978507,-0.251008242,-1.76212393,,
4.976,0.239358246,-0.253171235,-1.768165961,,
4.986,0.239277259,-0.254236281,-1.774205841,,
4.996,0.239154905,-0.255222857,-1.780169965,,
5.006,0.238851398,-0.256236076,-1.786095404,,
5.016,0.238509417,-0.257304549,-1.792060883,,
5.026,0.238162994,-0.259299785,-1.798059933,,
5.036,0.237971932,-0.260216206,-1.804070909,,
5.046,0.237704486,-0.261214674,-1.81015184,,
5.056,0.237458348,-0.26224798,-1.816243251,,
5.066,0.237299457,-0.263263404,-1.822350126,,
5.076,0.236845016,-0.265309393,-1.828436162,,
5.086,0.236657545,-0.266368508,-1.834582364,,
5.096,0.236542314,-0.267477691,-1.840768974,,
5.106,0.236384153,-0.268688887,-1.846925744,,
5.116,0.236051306,-0.269919842,-1.853013141,,
5.126,0.235446289,-0.272302747,-1.859134773,,
5.136,0.235154256,-0.2733922,-1.865297087,,
5.146,0.234775841,-0.274468899,-1.871468004,,
5.156,0.234350771,-0.275559843,-1.877662123,,
5.166,0.233961359,-0.276700586,-1.88383491,,
5.176,0.23318705,-0.278802574,-1.889929348,,
5.186,0.232805893,-0.279749542,-1.896006639,,
5.196,0.23245126,-0.280687004,-1.902108367,,
5.206,0.232129619,-0.281666398,-1.90824079,,
5.216,0.231853023,-0.28268525,-1.914378473,,
5.226,0.231219098,-0.284771204,-1.920496129,,
5.236,0.230933979,-0.285788834,-1.926582694,,
5.246,0.230619997,-0.286808938,-1.932671528,,
5.256,0.230295435,-0.287858665,-1.938740528,,
5.266,0.229989499,-0.28887108,-1.94477096,,
5.276,0.229255766,-0.290996939,-1.950768291,,
5.286,0.228868768,-0.291986078,-1.95674863,,
5.296,0.228441954,-0.292914242,-1.962706637,,
5.306,0.228023231,-0.293796718,-1.96866835,,
5.316,0.227506176,-0.294695884,-1.974669582,,
5.326,0.226651609,-0.29643476,-1.980573323,,
5.336,0.226253822,-0.297316313,-1.986482474,,
5.346,0.225856379,-0.298260927,-1.992455531,,
5.356,0.225401834,-0.299211442,-1.998489939,,
5.366,0.22498019,-0.300206363,-2.004581291,,
5.376,0.224281237,-0.302250177,-2.010643593,,
5.386,0.223821998,-0.303289592,-2.016654283,,
5.396,0.223411188,-0.304350317,-2.022619843,,
5.406,0.223036543,-0.305368453,-2.028585101,,
5.416,0.222640201,-0.306313455,-2.034579156,,
5.426,0.221710861,-0.308211803,-2.040712758,,
5.436,0.22134459,-0.309165806,-2.046820058,,
5.446,0.220883027,-0.310138196,-2.052846003,,
5.456,0.220305249,-0.31109634,-2.058824921,,
5.466,0.219631195,-0.312067449,-2.064781795,,
5.476,0.218564391,-0.313982815,-2.07084299,,
5.486,0.218038201,-0.314947605,-2.076966077,,
5.496,0.217442468,-0.315844059,-2.083068433,,
5.506,0.216827109,-0.316735268,-2.089139908,,
5.516,0.216375053,-0.317751497,-2.095195665,,
5.526,0.215535194,-0.319597721,-2.101238019,,
5.536,0.215061501,-0.320427567,-2.107334983,,
5.546,0.214576975,-0.321402639,-2.113404997,,
5.556,0.214152038,-0.322536349,-2.119442084,,
5.566,0.213662684,-0.323610365,-2.125449372,,
5.576,0.212635964,-0.325496644,-2.131489965,,
5.586,0.212093815,-0.326517314,-2.137490604,,
5.596,0.21147269,-0.327542096,-2.143500205,,
5.606,0.210835442,-0.328512251,-2.149556107,,
5.616,0.21022284,-0.329422563,-2.155590249,,
5.626,0.208832383,-0.331141233,-2.161516608,,
5.636,0.208085403,-0.331952572,-2.167397638,,
5.646,0.207423881,-0.332799315,-2.173293236,,
5.656,0.206729099,-0.333691269,-2.179234322,,
5.666,0.205965921,-0.334637135,-2.185263096,,
5.676,0.204589829,-0.336466193,-2.191219391,,
5.686,0.204028592,-0.337429762,-2.197179603,,
5.696,0.20336546,-0.338412791,-2.203169318,,
5.706,0.202724084,-0.339396179,-2.209151183,,
5.716,0.202108979,-0.340328753,-2.215153845,,
5.726,0.20109196,-0.342192262,-2.221162221,,
5.736,0.200489953,-0.343048453,-2.227172618,,
5.746,0.199858844,-0.343854278,-2.233242559,,
5.756,0.199266583,-0.344630897,-2.239313543,,
5.766,0.198608011,-0.345521688,-2.245338473,,
5.776,0.197121546,-0.347520947,-2.251392666,,
5.786,0.196367458,-0.348402321,-2.257448948,,
5.796,0.195558697,-0.34922871,-2.26350404,,
5.806,0.194736391,-0.350051671,-2.269578733,,
5.816,0.193888485,-0.350936979,-2.275651527,,
5.826,0.19233422,-0.352493882,-2.281710915,,
5.836,0.191620126,-0.353235662,-2.287751847,,
5.846,0.190838143,-0.353977889,-2.293767217,,
5.856,0.190018103,-0.354785949,-2.299805763,,
5.866,0.189349428,-0.355643898,-2.305870089,,
5.876,0.188028768,-0.357127458,-2.311941881,,
5.886,0.187295154,-0.357902735,-2.318057565,,
5.896,0.186606228,-0.358792901,-2.324193246,,
5.906,0.186014369,-0.359664321,-2.330292438,,
5.916,0.185377419,-0.360402405,-2.336397609,,
5.926,0.183917761,-0.36199522,-2.342553731,,
5.936,0.183263928,-0.362941682,-2.348746836,,
5.946,0.182564408,-0.363816947,-2.354917583,,
5.956,0.181788668,-0.36457774,-2.360999588,,
5.966,0.180921182,-0.365332723,-2.367078914,,
5.976,0.179413691,-0.366881877,-2.373148773,,
5.986,0.178513587,-0.367670238,-2.379199257,,
5.996,0.177581191,-0.368415833,-2.385237546,,
6.006,0.176692843,-0.3691383,-2.391216791,,
6.016,0.175811842,-0.369893193,-2.397148823,,
6.026,0.174147546,-0.371237367,-2.403012233,,
6.036,0.173278868,-0.371842712,-2.408910124,,
6.046,0.172413528,-0.372430712,-2.414862131,,
6.056,0.171585217,-0.373090386,-2.420835451,,
6.066,0.170786932,-0.373744905,-2.426751895,,
6.076,0.169273511,-0.375079155,-2.432664445,,
6.086,0.168455005,-0.3758201,-2.438597362,,
6.096,0.16768375,-0.376579374,-2.444582446,,
6.106,0.166968927,-0.377386212,-2.450649495,,
6.116,0.166194737,-0.378225356,-2.456769595,,
6.126,0.164563611,-0.379853666,-2.462925021,,
6.136,0.163806632,-0.380686432,-2.468981791,,
6.146,0.162958324,-0.381514698,-2.474991335,,
6.156,0.162026957,-0.382332146,-2.481029979,,
6.166,0.161035404,-0.383073419,-2.487111786,,
6.176,0.159346402,-0.384357154,-2.493203769,,
6.186,0.158365265,-0.384979934,-2.499255251,,
6.196,0.157279983,-0.38557741,-2.505263885,,
6.206,0.15628691,-0.38613376,-2.511254343,,
6.216,0.155433357,-0.386700362,-2.517207283,,
6.226,0.15356262,-0.387932092,-2.523203223,,
6.236,0.152552947,-0.388592511,-2.529248056,,
6.246,0.151709735,-0.389156342,-2.535281527,,
6.256,0.150909722,-0.389630854,-2.54133084,,
6.266,0.150031686,-0.390172035,-2.547414164,,
6.276,0.14819923,-0.3915039,-2.553514681,,
6.286,0.147373229,-0.392237186,-2.559658598,,
6.296,0.146562755,-0.39292717,-2.565795285,,
6.306,0.145649195,-0.393615574,-2.571963104,,
6.316,0.144672781,-0.394332498,-2.578190544,,
6.326,0.142976284,-0.395843774,-2.584385832,,
6.336,0.141996309,-0.3966102,-2.590628631,,
6.346,0.141032234,-0.39731127,-2.596930988,,
6.356,0.140124783,-0.397945374,-2.603248096,,
6.366,0.139279649,-0.398471296,-2.609472413,,
6.376,0.137457252,-0.399302274,-2.615609687,,
6.386,0.136447892,-0.399829,-2.62172485,,
6.396,0.135512009,-0.400402218,-2.627820316,,
6.406,0.134598717,-0.400898516,-2.633903866,,
6.416,0.13363722,-0.401293993,-2.639931347,,
6.426,0.131681845,-0.402008593,-2.645960501,,
6.436,0.130673796,-0.40240258,-2.6519841,,
6.446,0.129689157,-0.402785063,-2.657939871,,
6.456,0.128718883,-0.403235167,-2.66385935,,
6.466,0.127755448,-0.403810143,-2.669816396,,
6.476,0.125856996,-0.405020982,-2.675848848,,
6.486,0.124973185,-0.405589163,-2.681863082,,
6.496,0.124026984,-0.406189144,-2.687927568,,
6.506,0.123117879,-0.406810462,-2.693983622,,
6.516,0.122332871,-0.407376021,-2.700016935,,
6.526,0.12045718,-0.408542573,-2.706104913,,
6.536,0.119455263,-0.40925768,-2.712179376,,
6.546,0.118440032,-0.409811258,-2.718315965,,
6.556,0.117433622,-0.410210669,-2.724454346,,
6.566,0.116393745,-0.410534382,-2.730496449,,
6.576,0.114167407,-0.411138117,-2.736446539,,
6.586,0.11309474,-0.411472142,-2.742406025,,
6.596,0.112083249,-0.411819577,-2.748363784,,
6.606,0.111096852,-0.412215889,-2.754343514,,
6.616,0.11005526,-0.412627846,-2.760364277,,
6.626,0.107995637,-0.413359225,-2.766382292,,
6.636,0.106958359,-0.413716078,-2.772348158,,
6.646,0.105952509,-0.4140715,-2.778269949,,
6.656,0.104996078,-0.414446592,-2.784169994,,
6.666,0.104037762,-0.414823353,-2.79022118,,
6.676,0.102037176,-0.415905118,-2.796461576,,
6.686,0.100993842,-0.416478455,-2.802734218,,
6.696,0.100076035,-0.416970611,-2.808982901,,
6.706,0.099089883,-0.417383522,-2.815164377,,
6.716,0.098071225,-0.417802274,-2.821325893,,
6.726,0.095936723,-0.418597043,-2.827403328,,
6.736,0.094783574,-0.419032276,-2.833524807,,
6.746,0.093693808,-0.419454932,-2.839619051,,
6.756,0.092612058,-0.419805586,-2.845723861,,
6.766,0.091510311,-0.420134574,-2.851768615,,
6.776,0.089311585,-0.420543194,-2.857698199,,
6.786,0.088281929,-0.420643449,-2.863608078,,
6.796,0.087221019,-0.420706719,-2.869494375,,
6.806,0.086226523,-0.420839608,-2.875404516,,
6.816,0.085221291,-0.421050549,-2.881306206,,
6.826,0.083104447,-0.421474457,-2.8872926,,
6.836,0.082045622,-0.421776891,-2.893283969,,
6.846,0.080924287,-0.422107369,-2.899329707,,
6.856,0.079813048,-0.422498852,-2.905383582,,
6.866,0.078748688,-0.422873139,-2.911435281,,
6.876,0.076530509,-0.423618644,-2.917483293,,
6.886,0.07542634,-0.424125493,-2.923564271,,
6.896,0.074406303,-0.424603224,-2.92973823,,
6.906,0.07346718,-0.42495501,-2.935930552,,
6.916,0.07252036,-0.425240189,-2.942122743,,
6.926,0.070273973,-0.425607681,-2.948254283,,
6.936,0.069265954,-0.425709128,-2.954338653,,
6.946,0.068274848,-0.425799519,-2.960382087,,
6.956,0.067165539,-0.425918221,-2.966440788,,
6.966,0.065937817,-0.426035881,-2.972544208,,
6.976,0.063814253,-0.426174968,-2.978622521,,
6.986,0.062671639,-0.42629382,-2.984673533,,
6.996,0.061543185,-0.426382452,-2.990641242,,
7.006,0.060407784,-0.42643708,-2.996604019,,
7.016,0.05938473,-0.426537812,-3.002564491,,
7.026,0.057204802,-0.427029461,-3.008569929,,
7.036,0.056097772,-0.427250981,-3.014628562,,
7.046,0.055071812,-0.427405,-3.020713045,,
7.056,0.054020423,-0.427544504,-3.026805157,,
7.066,0.052901056,-0.42768833,-3.032868417,,
7.076,0.050413702,-0.428088218,-3.039032074,,
7.086,0.049264368,-0.428259403,-3.045195789,,
7.096,0.04805794,-0.428362578,-3.051400065,,
7.106,0.046894081,-0.42844522,-3.057592291,,
7.116,0.045748223,-0.428531617,-3.063768682,,
7.126,0.043620266,-0.428783715,-3.069935355,,
7.136,0.042587321,-0.428859204,-3.076097064,,
7.146,0.041538604,-0.428934604,-3.082270478,,
7.156,0.040489208,-0.429040968,-3.088417502,,
7.166,0.039573789,-0.429163635,-3.094606684,,
7.176,0.037538156,-0.429195046,-3.100792631,,
7.186,0.036339954,-0.429152966,-3.106969993,,
7.196,0.035198394,-0.429165691,-3.113113104,,
7.206,0.034087662,-0.429244488,-3.119270274,,
7.216,0.032826822,-0.429229379,-3.125462389,,
7.226,0.030160757,-0.429168075,-3.131634722,,
7.236,0.028942846,-0.429278702,-3.137871145,,
7.246,0.027814057,-0.429358453,-3.144102736,,
7.256,0.026697122,-0.429343998,-3.150352214,,
7.266,0.025484433,-0.429367125,-3.156606273,,
7.276,0.023380345,-0.429676324,-3.16282695,,
7.286,0.022428039,-0.429723173,-3.169036974,,
7.296,0.021338835,-0.429701179,-3.175263726,,
7.306,0.020219263,-0.429707587,-3.181529404,,
7.316,0.019191468,-0.429761499,-3.187750133,,
7.326,0.017148251,-0.429608434,-3.193886426,,
7.336,0.016003685,-0.429467887,-3.199927393,,
7.346,0.014867399,-0.429385036,-3.205977405,,
7.356,0.013743868,-0.429274142,-3.212018929,,
7.366,0.012645469,-0.429146022,-3.217982389,,
7.376,0.010255178,-0.428916097,-3.223866518,,
7.386,0.009147147,-0.428760856,-3.229741585,,
7.396,0.00806857,-0.428650111,-3.235649766,,
7.406,0.007033653,-0.428587288,-3.241566111,,
7.416,0.00590561,-0.428596616,-3.247585289,,
7.426,0.003771033,-0.428499728,-3.253806735,,
7.436,0.002793205,-0.428359658,-3.260022756,,
7.446,0.001715905,-0.428202689,-3.266181009,,
7.456,0.000653615,-0.428099513,-3.272327063,,
7.466,-0.000373429,-0.428017199,-3.278544738,,
7.476,-0.002377743,-0.427862555,-3.284847445,,
7.486,-0.003324673,-0.427838027,-3.291134226,,
7.496,-0.004343984,-0.427801967,-3.297384548,,
7.506,-0.005336519,-0.427756369,-3.303602087,,
7.516,-0.006252887,-0.427754372,-3.309728794,,
7.526,-0.008259278,-0.427681297,-3.315710361,,
7.536,-0.009265546,-0.427550554,-3.321672867,,
7.546,-0.010198507,-0.427415043,-3.327665621,,
7.556,-0.011230759,-0.427179009,-3.333681126,,
7.566,-0.012265264,-0.426827401,-3.339682617,,
7.576,-0.014457812,-0.426258057,-3.345647849,,
7.586,-0.015538988,-0.425992221,-3.351627535,,
7.596,-0.016779939,-0.425586998,-3.357556035,,
7.606,-0.018047562,-0.425089866,-3.363401755,,
7.616,-0.019302411,-0.424706757,-3.369229874,,
7.626,-0.021441756,-0.424304783,-3.375144535,,
7.636,-0.022490541,-0.424047232,-3.381088741,,
7.646,-0.023576457,-0.423841089,-3.387047935,,
7.656,-0.024546573,-0.423745781,-3.393012111,,
7.666,-0.025438197,-0.423735797,-3.398972247,,
7.676,-0.027212137,-0.42359668,-3.404991167,,
7.686,-0.028165434,-0.423458785,-3.411088686,,
7.696,-0.02911428,-0.423267096,-3.417254398,,
7.706,-0.030167634,-0.423039645,-3.423501592,,
7.716,-0.031240854,-0.422820419,-3.429713252,,
7.726,-0.03355908,-0.422128022,-3.435807074,,
7.736,-0.034714203,-0.421714574,-3.441887523,,
7.746,-0.035862267,-0.421309948,-3.447979783,,
7.756,-0.037013393,-0.420911521,-3.454087257,,
7.766,-0.038172014,-0.420515448,-3.460181952,,
7.776,-0.040380217,-0.419734865,-3.466233479,,
7.786,-0.041280169,-0.419337392,-3.472244266,,
7.796,-0.042333044,-0.418920428,-3.478248573,,
7.806,-0.043375589,-0.418552339,-3.484275005,,
7.816,-0.04441734,-0.418210447,-3.490402487,,
7.826,-0.046381731,-0.417594194,-3.496633088,,
7.836,-0.047531705,-0.417310476,-3.502880575,,
7.846,-0.048558012,-0.417057663,-3.509058444,,
7.856,-0.049519196,-0.416781425,-3.515162229,,
7.866,-0.050467834,-0.416482151,-3.52126143,,
7.876,-0.052435618,-0.415814698,-3.527366594,,
7.886,-0.053329326,-0.415579766,-3.533423996,,
7.896,-0.054212939,-0.415215015,-3.539451062,,
7.906,-0.055256613,-0.414767444,-3.545430488,,
7.916,-0.056378547,-0.414338827,-3.551417114,,
7.926,-0.058330968,-0.413566679,-3.557387616,,
7.936,-0.05940773,-0.413052678,-3.563325134,,
7.946,-0.0605556,-0.412496924,-3.569273751,,
7.956,-0.061629269,-0.411956936,-3.57523868,,
7.966,-0.062534243,-0.411438972,-3.581191985,,
7.976,-0.064460069,-0.410451978,-3.587120678,,
7.986,-0.065445118,-0.409952283,-3.593051314,,
7.996,-0.066362344,-0.409455329,-3.59897147,,
8.006,-0.067191385,-0.409024864,-3.604930869,,
8.016,-0.068037875,-0.408643484,-3.610869106,,
8.026,-0.069816262,-0.407852054,-3.616805281,,
8.036,-0.070772924,-0.407435387,-3.622812205,,
8.046,-0.071695723,-0.407078236,-3.628868702,,
8.056,-0.072643161,-0.406677991,-3.63491978,,
8.066,-0.073640034,-0.406280369,-3.640927951,,
8.076,-0.075461306,-0.405511975,-3.646903213,,
8.086,-0.076371148,-0.40503937,-3.652962395,,
8.096,-0.077343956,-0.404508203,-3.659082486,,
8.106,-0.0782796,-0.404068172,-3.665164955,,
8.116,-0.07916148,-0.403623074,-3.67119051,,
8.126,-0.080843642,-0.402502805,-3.677150059,,
8.136,-0.081780277,-0.401875108,-3.683112711,,
8.146,-0.082746767,-0.401274413,-3.689104716,,
8.156,-0.083763264,-0.400692582,-3.695156434,,
8.166,-0.08475966,-0.400084883,-3.701268345,,
8.176,-0.086907811,-0.398733199,-3.707430289,,
8.186,-0.087924086,-0.398122579,-3.713521224,,
8.196,-0.088845044,-0.397515178,-3.719566468,,
8.206,-0.089741454,-0.396861613,-3.725627103,,
8.216,-0.090680145,-0.396203011,-3.731733018,,
8.226,-0.092359863,-0.395056337,-3.737881983,,
8.236,-0.093084201,-0.394577771,-3.743998885,,
8.246,-0.093911365,-0.394051701,-3.750102825,,
8.256,-0.094848983,-0.393487424,-3.756236046,,
8.266,-0.095741309,-0.392941982,-3.762375723,,
8.276,-0.097344242,-0.391898185,-3.768475474,,
8.286,-0.098333269,-0.391352832,-3.774589502,,
8.296,-0.099366508,-0.390763402,-3.780739888,,
8.306,-0.100300513,-0.390175939,-3.786861433,,
8.316,-0.101175815,-0.389567047,-3.792972581,,
8.326,-0.103089266,-0.388202608,-3.799164368,,
8.336,-0.104066245,-0.3873896,-3.805358475,,
8.346,-0.10492605,-0.386590183,-3.811502851,,
8.356,-0.105760127,-0.385807216,-3.817567503,,
8.366,-0.106619731,-0.385060757,-3.823564816,,
8.376,-0.108433783,-0.383439898,-3.829485509,,
8.386,-0.109258585,-0.382570267,-3.835413451,,
8.396,-0.110072024,-0.381785065,-3.841314706,,
8.406,-0.110875927,-0.381118029,-3.847248275,,
8.416,-0.111622125,-0.380504489,-3.853209054,,
8.426,-0.113065906,-0.379180998,-3.859173171,,
8.436,-0.113826275,-0.378547102,-3.865162666,,
8.446,-0.114678212,-0.378056139,-3.871206338,,
8.456,-0.115506724,-0.377560705,-3.877313138,,
8.466,-0.116328269,-0.376953185,-3.883498967,,
8.476,-0.118162796,-0.375582337,-3.889746391,,
8.486,-0.119102769,-0.374980569,-3.895983262,,
8.496,-0.11995995,-0.374344289,-3.902217,,
8.506,-0.12073195,-0.373548299,-3.908437555,,
8.516,-0.121520467,-0.372700006,-3.914608011,,
8.526,-0.123215586,-0.37093097,-3.920608474,,
8.536,-0.123860419,-0.370239317,-3.926598222,,
8.546,-0.124500327,-0.369484305,-3.932574418,,
8.556,-0.125320762,-0.368647188,-3.938543367,,
8.566,-0.126104444,-0.367707014,-3.9444874,,
8.576,-0.127279893,-0.366145998,-3.950494608,,
8.586,-0.127996862,-0.365339845,-3.956502885,,
8.596,-0.12884064,-0.364501089,-3.962504956,,
8.606,-0.129583701,-0.363758951,-3.968446316,,
8.616,-0.130260944,-0.362984598,-3.974392924,,
8.626,-0.131787151,-0.361474246,-3.980411741,,
8.636,-0.132547334,-0.360748827,-3.986383911,,
8.646,-0.13316606,-0.360099435,-3.992334975,,
8.656,-0.133763462,-0.359495372,-3.998287992,,
8.666,-0.134463489,-0.358851343,-4.004313171,,
8.676,-0.135940209,-0.357490659,-4.01033169,,
8.686,-0.136627987,-0.356689692,-4.0163485,,
8.696,-0.137369394,-0.355887055,-4.022361784,,
8.706,-0.138072565,-0.355124742,-4.028465619,,
8.716,-0.13875401,-0.354319602,-4.034646776,,
8.726,-0.140145704,-0.352395773,-4.040804121,,
8.736,-0.140891641,-0.351490855,-4.046949667,,
8.746,-0.141547844,-0.350557566,-4.053081543,,
8.756,-0.14220649,-0.349543661,-4.059198522,,
8.766,-0.142867476,-0.348574907,-4.065269149,,
8.776,-0.144214168,-0.346841514,-4.071298302,,
8.786,-0.144860834,-0.346023113,-4.077307216,,
8.796,-0.145514071,-0.345270514,-4.083349882,,
8.806,-0.146152958,-0.344494581,-4.089392496,,
8.816,-0.146773741,-0.343577951,-4.095412617,,
8.826,-0.148031399,-0.341997743,-4.101529735,,
8.836,-0.148784131,-0.34123677,-4.107700052,,
8.846,-0.149485141,-0.340388656,-4.11389698,,
8.856,-0.150069669,-0.33944419,-4.120071719,,
8.866,-0.150752008,-0.338424385,-4.126163958,,
8.876,-0.152094632,-0.336576998,-4.132317164,,
8.886,-0.152607858,-0.335657239,-4.138505295,,
8.896,-0.15321283,-0.334768772,-4.144643738,,
8.906,-0.153919548,-0.333740711,-4.150778497,,
8.916,-0.154615641,-0.332644761,-4.156888886,,
8.926,-0.155722186,-0.330808967,-4.162891186,,
8.936,-0.156408831,-0.329848737,-4.168911933,,
8.946,-0.157083005,-0.328936547,-4.174959245,,
8.956,-0.15764159,-0.328037322,-4.180999055,,
8.966,-0.158137739,-0.327063471,-4.18706174,,
8.976,-0.159230649,-0.325077742,-4.193049763,,
8.986,-0.159775317,-0.324070752,-4.198992854,,
8.996,-0.160265043,-0.323085666,-4.204967653,,
9.006,-0.160724893,-0.322092682,-4.210912923,,
9.016,-0.161209539,-0.321094811,-4.216863954,,
9.026,-0.162217602,-0.319174856,-4.22294497,,
9.036,-0.162660897,-0.318287849,-4.228996631,,
9.046,-0.163172796,-0.317255527,-4.235038851,,
9.056,-0.163724735,-0.316228092,-4.241073685,,
9.066,-0.164257675,-0.315293014,-4.247102464,,
9.076,-0.165226594,-0.313553631,-4.253163906,,
9.086,-0.165759325,-0.312684476,-4.259293855,,
9.096,-0.166284561,-0.311826468,-4.265446728,,
9.106,-0.166786149,-0.310922831,-4.271626109,,
9.116,-0.167242229,-0.310023695,-4.277748163,,
9.126,-0.168246433,-0.308122486,-4.283736926,,
9.136,-0.168748289,-0.307118863,-4.289734041,,
9.146,-0.169120982,-0.306150317,-4.295705068,,
9.156,-0.169454157,-0.305167466,-4.301667592,,
9.166,-0.169888705,-0.304106593,-4.307649605,,
9.176,-0.170919642,-0.30172798,-4.313546061,,
9.186,-0.171246216,-0.300604016,-4.319434186,,
9.196,-0.171544969,-0.299632579,-4.325297767,,
9.206,-0.171892077,-0.298675925,-4.331164786,,
9.216,-0.172273561,-0.297595084,-4.337135392,,
9.226,-0.172935694,-0.295437753,-4.343129071,,
9.236,-0.17335254,-0.294458181,-4.349102809,,
9.246,-0.173783854,-0.293387771,-4.355091169,,
9.256,-0.17419745,-0.292304546,-4.361098495,,
9.266,-0.1745397,-0.291271836,-4.367092559,,
9.276,-0.175319925,-0.289297044,-4.373217847,,
9.286,-0.175786704,-0.288410008,-4.379364937,,
9.296,-0.176152989,-0.287522346,-4.385541497,,
9.306,-0.176499993,-0.28659007,-4.391714334,,
9.316,-0.176876813,-0.28565228,-4.3978552,,
9.326,-0.177780747,-0.283804625,-4.404031983,,
9.336,-0.178205922,-0.282681197,-4.410244461,,
9.346,-0.178549692,-0.281560481,-4.416435144,,
9.356,-0.178850263,-0.280359209,-4.422573829,,
9.366,-0.179190353,-0.279240161,-4.428700101,,
9.376,-0.179747164,-0.276894867,-4.434799805,,
9.386,-0.179929644,-0.275803596,-4.440865759,,
9.396,-0.180110291,-0.274722219,-4.446914401,,
9.406,-0.180391312,-0.273635924,-4.45298332,,
9.416,-0.180650577,-0.272538334,-4.459041193,,
9.426,-0.181130886,-0.270237625,-4.465072703,,
9.436,-0.181487814,-0.269103527,-4.471098182,,
9.446,-0.181834802,-0.268097848,-4.477137185,,
9.456,-0.182086721,-0.267045796,-4.483231803,,
9.466,-0.182401314,-0.265936613,-4.489400901,,
9.476,-0.183166862,-0.263789237,-4.495560037,,
9.486,-0.183454692,-0.262833416,-4.501730114,,
9.496,-0.183698833,-0.261928618,-4.507908904,,
9.506,-0.183883533,-0.26091668,-4.514058883,,
9.516,-0.184223384,-0.259886503,-4.5202154,,
9.526,-0.184787706,-0.257633388,-4.526391957,,
9.536,-0.184904143,-0.25657624,-4.532547977,,
9.546,-0.185109898,-0.255438268,-4.538730932,,
9.556,-0.185396984,-0.254252195,-4.544903787,,
9.566,-0.185544819,-0.253115863,-4.550979618,,
9.576,-0.185778245,-0.250719011,-4.557046378,,
9.586,-0.18598485,-0.249543741,-4.563092791,,
9.596,-0.186084315,-0.248391807,-4.569117181,,
9.606,-0.186131984,-0.247303173,-4.575162326,,
9.616,-0.186171412,-0.246245444,-4.581240537,,
9.626,-0.186503693,-0.244263634,-4.587377987,,
9.636,-0.186677963,-0.243245825,-4.593515507,,
9.646,-0.186760098,-0.242213711,-4.599581796,,
9.656,-0.186877668,-0.241226733,-4.605620363,,
9.666,-0.18713282,-0.240331084,-4.61170936,,
9.676,-0.187541112,-0.238508701,-4.617857599,,
9.686,-0.187688768,-0.237509295,-4.623984036,,
9.696,-0.18783401,-0.236488789,-4.630086587,,
9.706,-0.188049585,-0.235412523,-4.636181905,,
9.716,-0.18827486,-0.234355643,-4.642231584,,
9.726,-0.188498423,-0.232070252,-4.648225715,,
9.736,-0.188587382,-0.230953887,-4.654168362,,
9.746,-0.188699931,-0.229764104,-4.660162675,,
9.756,-0.188797787,-0.228621498,-4.666255397,,
9.766,-0.188783675,-0.227523074,-4.67236154,,
9.776,-0.188766658,-0.225113258,-4.678381326,,
9.786,-0.188853323,-0.223990828,-4.684377952,,
9.796,-0.18882288,-0.222892821,-4.690366196,,
9.806,-0.188710406,-0.221841455,-4.696262197,,
9.816,-0.188677534,-0.220772281,-4.702136882,,
9.826,-0.188680246,-0.218755469,-4.708085894,,
9.836,-0.188558385,-0.2178801,-4.714118401,,
9.846,-0.188508049,-0.216970086,-4.720160496,,
9.856,-0.188552305,-0.215988994,-4.726113969,,
9.866,-0.188747346,-0.21486038,-4.732046836,,
9.876,-0.188830346,-0.212914333,-4.737985581,,
9.886,-0.188891023,-0.211805731,-4.744002678,,
9.896,-0.189046144,-0.210666582,-4.750062441,,
9.906,-0.189201429,-0.209501565,-4.756216905,,
9.916,-0.189302415,-0.208324388,-4.762379492,,
9.926,-0.189308941,-0.205933675,-4.768379774,,
9.936,-0.189353898,-0.204741433,-4.774349661,,
9.946,-0.189286724,-0.203543752,-4.780302149,,
9.956,-0.189091951,-0.20245041,-4.786265065,,
9.966,-0.188904643,-0.201408371,-4.792232228,,
9.976,-0.188620046,-0.199171305,-4.79823914,,
9.986,-0.188270286,-0.198103532,-4.804175527,,
9.996,-0.187896878,-0.197041377,-4.81009393,,
10.006,-0.187680021,-0.195968464,-4.815983789,,
10.016,-0.187551245,-0.194865167,-4.82187015,,
10.026,-0.18716085,-0.192617044,-4.827837447,,
10.036,-0.187015146,-0.19152984,-4.83383883,,
10.046,-0.186986491,-0.190584108,-4.839825546,,
10.056,-0.187019363,-0.189633608,-4.845851985,,
10.066,-0.18700631,-0.18858175,-4.851975725,,
10.076,-0.18699199,-0.186429635,-4.858114446,,
10.086,-0.187134549,-0.185228288,-4.864304434,,
10.096,-0.187216073,-0.18407467,-4.870501777,,
10.106,-0.187167168,-0.182972997,-4.876691652,,
10.116,-0.187115774,-0.181879863,-4.882888921,,
10.126,-0.186921626,-0.179571867,-4.889100771,,
10.136,-0.186666921,-0.178476006,-4.895217932,,
10.146,-0.186297357,-0.177376419,-4.901252355,,
10.156,-0.185894683,-0.176227808,-4.907203044,,
10.166,-0.185543329,-0.175122738,-4.913019928,,
10.176,-0.184702173,-0.173175603,-4.918797698,,
10.186,-0.184098974,-0.172124848,-4.92462756,,
10.196,-0.183680147,-0.17111659,-4.930468284,,
10.206,-0.183530524,-0.170093492,-4.936328006,,
10.216,-0.183236018,-0.169126809,-4.9421985,,
10.226,-0.182657778,-0.167150438,-4.948080136,,
10.236,-0.182682768,-0.166082978,-4.954026185,,
10.246,-0.182780504,-0.165045977,-4.96004466,,
10.256,-0.182693943,-0.163954422,-4.966151664,,
10.266,-0.182552114,-0.162906155,-4.972312682,,
10.276,-0.182516992,-0.160759106,-4.978528969,,
10.286,-0.18238005,-0.159648031,-4.984705485,,
10.296,-0.182072401,-0.158544824,-4.990896286,,
10.306,-0.18174848,-0.157394215,-4.997055864,,
10.316,-0.18156305,-0.156149253,-5.003174812,,
10.326,-0.18077147,-0.153836593,-5.009219605,,
10.336,-0.180176362,-0.152754977,-5.015222949,,
10.346,-0.179724008,-0.151719302,-5.021219938,,
10.356,-0.179375678,-0.150664821,-5.027223645,,
10.366,-0.178940371,-0.149666145,-5.033199409,,
10.376,-0.177755237,-0.147589535,-5.039084516,,
10.386,-0.177370384,-0.146675736,-5.044943445,,
10.396,-0.177025855,-0.145714819,-5.050816642,,
10.406,-0.17655015,-0.144736871,-5.056749264,,
10.416,-0.176164746,-0.14375183,-5.062685236,,
10.426,-0.175723836,-0.141557187,-5.068737588,,
10.436,-0.17555134,-0.140492797,-5.074841421,,
10.446,-0.175289243,-0.13940236,-5.080985705,,
10.456,-0.175035506,-0.138238356,-5.087087504,,
10.466,-0.174861401,-0.137092516,-5.09317239,,
10.476,-0.174331203,-0.134821817,-5.099325656,,
10.486,-0.173854858,-0.133732572,-5.105516756,,
10.496,-0.173427626,-0.132671386,-5.111695521,,
10.506,-0.173062354,-0.131655425,-5.117803176,,
10.516,-0.172630668,-0.130675524,-5.123920041,,
10.526,-0.171413451,-0.128603429,-5.129969259,,
10.536,-0.170866892,-0.127618521,-5.135957071,,
10.546,-0.170370489,-0.12668325,-5.141904236,,
10.556,-0.16990155,-0.125821054,-5.147831668,,
10.566,-0.169306532,-0.125045463,-5.153768283,,
10.576,-0.168132275,-0.123382859,-5.159635938,,
10.586,-0.167695671,-0.122438505,-5.165443491,,
10.596,-0.167219505,-0.121456943,-5.171229185,,
10.606,-0.16663675,-0.120505229,-5.177066075,,
10.616,-0.166181803,-0.119507253,-5.182956334,,
10.626,-0.165415525,-0.117271923,-5.188886839,,
10.636,-0.164900467,-0.116155118,-5.194875594,,
10.646,-0.164448172,-0.115112737,-5.200905191,,
10.656,-0.164125293,-0.114084378,-5.206970617,,
10.666,-0.163824484,-0.113035217,-5.2130907,,
10.676,-0.162835181,-0.111094475,-5.219214305,,
10.686,-0.162426129,-0.110271111,-5.225346183,,
10.696,-0.162053466,-0.109491274,-5.231514113,,
10.706,-0.161651075,-0.108684361,-5.237701078,,
10.716,-0.161017194,-0.107816853,-5.243867011,,
10.726,-0.159881085,-0.106181823,-5.249957653,,
10.736,-0.159366086,-0.105336718,-5.256044143,,
10.746,-0.158717155,-0.104459666,-5.262128759,,
10.756,-0.158082455,-0.10350994,-5.268202257,,
10.766,-0.157528996,-0.102565542,-5.274217824,,
10.776,-0.156389892,-0.100661084,-5.28024175,,
10.786,-0.15573056,-0.099727482,-5.286258424,,
10.796,-0.155187696,-0.098831296,-5.292263604,,
10.806,-0.154695839,-0.097898632,-5.298276958,,
10.816,-0.154226303,-0.097021982,-5.304304654,,
10.826,-0.153129265,-0.095329948,-5.310379683,,
10.836,-0.152610451,-0.094418786,-5.316479419,,
10.846,-0.152112991,-0.093466394,-5.322574089,,
10.856,-0.151642755,-0.092527986,-5.328677789,,
10.866,-0.151068673,-0.091640525,-5.334827521,,
10.876,-0.149843529,-0.089875869,-5.341016104,,
10.886,-0.149345368,-0.089002401,-5.347191303,,
10.896,-0.148821339,-0.08811868,-5.353385535,,
10.906,-0.148287162,-0.087312959,-5.359571799,,
10.916,-0.147644937,-0.086512595,-5.365717404,,
10.926,-0.146553501,-0.084820896,-5.371808544,,
10.936,-0.14598228,-0.083934933,-5.377839174,,
10.946,-0.145303607,-0.083148681,-5.383808348,,
10.956,-0.14455995,-0.082300276,-5.389779369,,
10.966,-0.143900037,-0.081396304,-5.39573825,,
10.976,-0.142444387,-0.079652533,-5.401701849,,
10.986,-0.141642392,-0.078875832,-5.407677212,,
10.996,-0.140907302,-0.078053571,-5.413593783,,
11.006,-0.140242621,-0.077167295,-5.419486852,,
11.016,-0.139570907,-0.076327831,-5.425409643,,
11.026,-0.138088822,-0.074832529,-5.431377382,,
11.036,-0.137501851,-0.074012153,-5.437424725,,
11.046,-0.136945471,-0.073186345,-5.443543572,,
11.056,-0.136288926,-0.072382368,-5.449645924,,
11.066,-0.135541946,-0.071464844,-5.455753804,,
11.076,-0.13428311,-0.06967672,-5.461778286,,
11.086,-0.133751974,-0.068872258,-5.467800289,,
11.096,-0.133017361,-0.068051182,-5.473873048,,
11.106,-0.132379547,-0.067300707,-5.479964944,,
11.116,-0.131831363,-0.066556104,-5.486036502,,
11.126,-0.130430609,-0.065071389,-5.492066538,,
11.136,-0.129592776,-0.064394481,-5.49804902,,
11.146,-0.128845081,-0.06371244,-5.503990583,,
11.156,-0.128129557,-0.062907569,-5.509917283,,
11.166,-0.127280489,-0.062142279,-5.515868868,,
11.176,-0.125421107,-0.06058475,-5.521845963,,
11.186,-0.124632008,-0.059765246,-5.527842281,,
11.196,-0.123894215,-0.058956537,-5.533838733,,
11.206,-0.123136103,-0.058220521,-5.539807642,,
11.216,-0.122350931,-0.057535563,-5.545820691,,
11.226,-0.121053211,-0.056133758,-5.551866958,,
11.236,-0.120439939,-0.055435382,-5.557923005,,
11.246,-0.119791754,-0.054821655,-5.56398788,,
11.256,-0.119151019,-0.054163273,-5.570077603,,
11.266,-0.118523672,-0.053431831,-5.576083854,,
11.276,-0.117226437,-0.051965129,-5.582195918,,
11.286,-0.116569526,-0.051333398,-5.588273509,,
11.296,-0.115705334,-0.050569844,-5.594279486,,
11.306,-0.114877164,-0.049783166,-5.600251102,,
11.316,-0.114124268,-0.049023062,-5.606167517,,
11.326,-0.112283833,-0.047814846,-5.612089655,,
11.336,-0.111320026,-0.047124323,-5.617947681,,
11.346,-0.110511787,-0.046410389,-5.623822579,,
11.356,-0.109722503,-0.045843206,-5.629693434,,
11.366,-0.10879308,-0.045373313,-5.635597704,,
11.376,-0.106953368,-0.044171046,-5.641442528,,
11.386,-0.106206231,-0.04352507,-5.647299186,,
11.396,-0.105335824,-0.042885356,-5.653191092,,
11.406,-0.104278572,-0.042184096,-5.659163595,,
11.416,-0.103329472,-0.041398849,-5.665203642,,
11.426,-0.101904579,-0.039863199,-5.671348596,,
11.436,-0.10107483,-0.039211217,-5.677549027,,
11.446,-0.100188702,-0.038459387,-5.683716891,,
11.456,-0.099507131,-0.03768542,-5.68985021,,
11.466,-0.09896709,-0.036986951,-5.696002432,,
11.476,-0.097406618,-0.035917837,-5.702213502,,
11.486,-0.096574329,-0.035347518,-5.70843603,,
11.496,-0.095792577,-0.034731235,-5.714620723,,
11.506,-0.094952948,-0.034127988,-5.720726262,,
11.516,-0.093943045,-0.033541467,-5.726743779,,
11.526,-0.091775708,-0.032305289,-5.732682588,,
11.536,-0.090771101,-0.031742964,-5.738662447,,
11.546,-0.089753285,-0.031152943,-5.744639628,,
11.556,-0.088574104,-0.030532127,-5.750594521,,
11.566,-0.087494679,-0.029943369,-5.756485798,,
11.576,-0.085620925,-0.028831959,-5.762347435,,
11.586,-0.084663495,-0.028277272,-5.768297738,,
11.596,-0.083637901,-0.027716693,-5.7743511,,
11.606,-0.082714558,-0.02719507,-5.780438547,,
11.616,-0.081906967,-0.026663648,-5.786567961,,
11.626,-0.080194794,-0.025461342,-5.792669623,,
11.636,-0.079390302,-0.024889452,-5.7986903,,
11.646,-0.078736857,-0.024320314,-5.804749595,,
11.656,-0.078079514,-0.023767497,-5.810924446,,
11.666,-0.077363707,-0.023280855,-5.817165882,,
11.676,-0.075692095,-0.022270551,-5.823354726,,
11.686,-0.07488998,-0.021713044,-5.829419345,,
11.696,-0.073966719,-0.021071056,-5.835412521,,
11.706,-0.072785951,-0.020465566,-5.841404293,,
11.716,-0.071525872,-0.019875165,-5.847371408,,
11.726,-0.069506578,-0.018860709,-5.853294245,,
11.736,-0.068380043,-0.018399347,-5.859280055,,
11.746,-0.067121968,-0.017997105,-5.865265603,,
11.756,-0.065916903,-0.017626297,-5.87117845,,
11.766,-0.064930946,-0.017247433,-5.87707827,,
11.776,-0.063059896,-0.016564032,-5.883072808,,
11.786,-0.061988354,-0.0162625,-5.889102889,,
11.796,-0.061097886,-0.015878385,-5.895118074,,
11.806,-0.060334604,-0.015386588,-5.901132328,,
11.816,-0.059521422,-0.014928552,-5.907145646,,
11.826,-0.0576481,-0.014142902,-5.913272697,,
11.836,-0.056882814,-0.013665467,-5.919405313,,
11.846,-0.056079172,-0.013107219,-5.925536031,,
11.856,-0.055097789,-0.012588815,-5.931661036,,
11.866,-0.054074571,-0.012132038,-5.937757966,,
11.876,-0.052333277,-0.011254249,-5.943750391,,
11.886,-0.051378164,-0.010820054,-5.949779275,,
11.896,-0.050276883,-0.010463729,-5.955867099,,
11.906,-0.049210224,-0.0101705,-5.961951942,,
11.916,-0.048158351,-0.009776966,-5.968041981,,
11.926,-0.045924079,-0.009058616,-5.974026608,,
11.936,-0.044653084,-0.008857509,-5.979966994,,
11.946,-0.04347638,-0.008638121,-5.985883271,,
11.956,-0.042282633,-0.008321257,-5.991841223,,
11.966,-0.04117452,-0.00797034,-5.997878465,,
11.976,-0.038924206,-0.00743656,-6.003999733,,
11.986,-0.037866164,-0.007188279,-6.010080715,,
11.996,-0.036972057,-0.006906388,-6.016134735,,
12.006,-0.035928715,-0.006598512,-6.022242687,,
12.016,-0.034896161,-0.006334397,-6.028348489,,
12.026,-0.033156194,-0.005711477,-6.034467627,,
12.036,-0.032320984,-0.005315948,-6.040613676,,
12.046,-0.031279635,-0.00489397,-6.046811158,,
12.056,-0.030222237,-0.004433684,-6.053008308,,
12.066,-0.029247787,-0.003997302,-6.059178001,,
12.076,-0.027222622,-0.003278799,-6.065229295,,
12.086,-0.025951743,-0.002983947,-6.071290158,,
12.096,-0.024764704,-0.002717094,-6.077334682,,
12.106,-0.023617674,-0.002449784,-6.08337848,,
12.116,-0.022487303,-0.002225296,-6.089478304,,
12.126,-0.019941805,-0.002057994,-6.095588717,,
12.136,-0.0187508,-0.001993255,-6.101658485,,
12.146,-0.017666159,-0.001850926,-6.107694949,,
12.156,-0.01650577,-0.001725028,-6.113742186,,
12.166,-0.015381354,-0.001716994,-6.119745635,,
12.176,-0.013313377,-0.001339055,-6.125736294,,
12.186,-0.012431971,-0.001042482,-6.131716699,,
12.196,-0.011462829,-0.00083035,-6.137765663,,
12.206,-0.01039061,-0.000631908,-6.143824294,,
12.216,-0.009265342,-0.000267683,-6.149909124,,
12.226,-0.007150536,0.000371815,-6.155988047,,
12.236,-0.005929751,0.000492811,-6.162029743,,
12.246,-0.00462829,0.00063667,-6.168033815,,
12.256,-0.003545112,0.000897312,-6.173985442,,
12.266,-0.002540573,0.001131138,-6.17998852,,
12.276,-0.000356112,0.001228759,-6.1860866,,
12.286,0.000778875,0.001297831,-6.192218998,,
12.296,0.001701076,0.001389462,-6.198314536,,
12.306,0.002625513,0.001453311,-6.204313505,,
12.316,0.003691309,0.001396043,-6.210221835,,
12.326,0.005897768,0.001301439,-6.216085015,,
12.336,0.0069102,0.001360405,-6.222011949,,
12.346,0.007986959,0.001413653,-6.228004814,,
12.356,0.009143967,0.001445561,-6.234050586,,
12.366,0.010296072,0.001626474,-6.240092824,,
12.376,0.012439556,0.002117489,-6.246115024,,
12.386,0.013476927,0.002286669,-6.252072925,,
12.396,0.014574624,0.002401793,-6.257973869,,
12.406,0.015667636,0.002515731,-6.263893772,,
12.416,0.016601706,0.002580466,-6.269834707,,
12.426,0.01852808,0.002695984,-6.275841913,,
12.436,0.019598562,0.002729883,-6.281851429,,
12.446,0.020564152,0.002714344,-6.287873044,,
12.456,0.021527717,0.002700148,-6.293940338,,
12.466,0.022667952,0.002633348,-6.300026764,,
12.476,0.025239388,0.002484013,-6.306034582,,
12.486,0.026493974,0.002529476,-6.312101434,,
12.496,0.027640611,0.002486225,-6.31819281,,
12.506,0.028895391,0.002341066,-6.324265291,,
12.516,0.030192541,0.002242848,-6.330334597,,
12.526,0.032190718,0.002190056,-6.336363607,,
12.536,0.033217706,0.002126189,-6.342373496,,
12.546,0.034235686,0.002024504,-6.348363604,,
12.556,0.035215631,0.001991854,-6.35432618,,
12.566,0.036116928,0.001952517,-6.360268379,,
12.576,0.038229968,0.001793365,-6.36628181,,
12.586,0.039338939,0.001800673,-6.372245767,,
12.596,0.040448435,0.001817687,-6.378232643,,
12.606,0.041535914,0.001795784,-6.38426919,,
12.616,0.042644322,0.001686571,-6.390330032,,
12.626,0.044989347,0.001343567,-6.396426092,,
12.636,0.046257854,0.001192986,-6.402539626,,
12.646,0.047305245,0.001001336,-6.408647988,,
12.656,0.048313461,0.000830503,-6.414666465,,
12.666,0.04945292,0.000615228,-6.420656686,,
12.676,0.051738951,0.00030422,-6.426713524,,
12.686,0.052740786,0.00014505,-6.43280954,,
12.696,0.053875461,-1.44E-05,-6.438871877,,
12.706,0.055088811,-0.000184662,-6.444945056,,
12.716,0.056217026,-0.000318597,-6.451010304,,
12.726,0.058272287,-0.000678117,-6.457108577,,
12.736,0.059469942,-0.000855988,-6.463205465,,
12.746,0.060626265,-0.000906978,-6.469285612,,
12.756,0.061621103,-0.001002811,-6.475408326,,
12.766,0.062567398,-0.001258861,-6.481563947,,
12.776,0.064947881,-0.001753802,-6.487643597,,
12.786,0.066067159,-0.001833099,-6.493738093,,
12.796,0.067060456,-0.002016874,-6.49988542,,
12.806,0.068079315,-0.002313984,-6.50601631,,
12.816,0.069187403,-0.002644634,-6.512126106,,
12.826,0.071394406,-0.002951148,-6.518178608,,
12.836,0.072324343,-0.00316008,-6.524208083,,
12.846,0.073323973,-0.003464672,-6.530234405,,
12.856,0.074376613,-0.003707748,-6.536287915,,
12.866,0.075404294,-0.003861273,-6.542326165,,
12.876,0.077234574,-0.004169958,-6.548361267,,
12.886,0.07832744,-0.004454164,-6.554360221,,
12.896,0.079467081,-0.004738478,-6.560355578,,
12.906,0.080391638,-0.005019387,-6.566353018,,
12.916,0.081308253,-0.005306532,-6.572402131,,
12.926,0.083614916,-0.005854611,-6.57837958,,
12.936,0.08474946,-0.006128647,-6.584332781,,
12.946,0.085700214,-0.006450389,-6.59029341,,
12.956,0.086671852,-0.006757917,-6.596251615,,
12.966,0.087839954,-0.007127297,-6.602181584,,
12.976,0.090045623,-0.007769683,-6.607862933,,
12.986,0.09100356,-0.008188563,-6.613253545,,
12.996,0.091913708,-0.008566271,-6.618152437,,
13.006,0.092724748,-0.008864187,-6.622564371,,
13.016,0.093136586,-0.009092571,-6.626488128,,
13.026,0.092769504,-0.009618802,-6.629668768,,
13.036,0.092264473,-0.00967386,-6.632431015,,
13.046,0.091620311,-0.009512491,-6.634711681,,
13.056,0.090831265,-0.009217389,-6.636418747,,
13.066,0.089962184,-0.008915391,-6.637534187,,
13.076,0.0888675,-0.008155171,-6.637832016,,
13.086,0.088609688,-0.007691656,-6.637957666,,
13.096,0.088422447,-0.007323386,-6.63808218,,
13.106,0.088433467,-0.007119874,-6.638195147,,
13.116,0.088692263,-0.007017395,-6.638227372,,
13.126,0.089651532,-0.006852144,-6.638007806,,
13.136,0.089990623,-0.006902013,-6.637742485,,
13.146,0.090235211,-0.007096939,-6.637470472,,
13.156,0.09050601,-0.007395339,-6.637246898,,
13.166,0.090740986,-0.00762962,-6.637145409,,
13.176,0.090487584,-0.007968274,-6.637189597,,
13.186,0.090315737,-0.008228579,-6.637223653,,
13.196,0.090220958,-0.008507467,-6.637205924,,
13.206,0.090110816,-0.00866569,-6.637163663,,
13.216,0.089907125,-0.008707681,-6.637145347,,
13.226,0.089764789,-0.008644592,-6.637250594,,
13.236,0.089892119,-0.008569151,-6.637380234,,
13.246,0.089910224,-0.0084539,-6.637490857,,
13.256,0.089912206,-0.008276563,-6.637570453,,
13.266,0.08998163,-0.008112439,-6.637625644,,
13.276,0.09027686,-0.00782194,-6.637591226,,
13.286,0.090207897,-0.007718954,-6.637551002,,
13.296,0.090114161,-0.007595723,-6.637533197,,
13.306,0.090089686,-0.00744011,-6.637540454,,
13.316,0.090102889,-0.007375436,-6.637550001,,
13.326,0.089895837,-0.007574881,-6.637556414,,
13.336,0.089854427,-0.007655795,-6.637539201,,
13.346,0.089852028,-0.007729643,-6.637514251,,
13.356,0.089887753,-0.007884393,-6.637514777,,
13.366,0.089900687,-0.008096777,-6.637530565,,
13.376,0.090038039,-0.008292763,-6.637548182,,
13.386,0.09006118,-0.008306136,-6.637556231,,
13.396,0.090072826,-0.008350931,-6.637545209,,
13.406,0.090069026,-0.008396099,-6.637532375,,
13.416,0.090146676,-0.008377544,-6.637527402,,
13.426,0.090062939,-0.008217337,-6.637470299,,
13.436,0.09007585,-0.008104208,-6.637413116,,
13.446,0.090075865,-0.007997358,-6.637381057,,
13.456,0.08997304,-0.007905139,-6.637373802,,
13.466,0.089925729,-0.007874133,-6.637356643,,
13.476,0.090032421,-0.007625863,-6.637372115,,
13.486,0.089942232,-0.007613302,-6.637401005,,
13.496,0.089860193,-0.007718145,-6.637429715,,
13.506,0.090004422,-0.007844627,-6.637423835,,
13.516,0.090063863,-0.007842079,-6.637411521,,
13.526,0.089918837,-0.007972489,-6.63743561,,
13.536,0.089966111,-0.008188491,-6.637463781,,
13.546,0.090062566,-0.008317176,-6.637474423,,
13.556,0.090095893,-0.008286403,-6.637452254,,
13.566,0.089981899,-0.008260611,-6.637416296,,
13.576,0.090097487,-0.00830215,-6.637378029,,
13.586,0.090146929,-0.008269888,-6.637336556,,
13.596,0.090031751,-0.008172843,-6.637301591,,
13.606,0.089897923,-0.008045632,-6.637288799,,
13.616,0.090000093,-0.007976747,-6.637280369,,
13.626,0.090063341,-0.007864885,-6.637305867,,
13.636,0.089898832,-0.007808771,-6.637348647,,
13.646,0.089873165,-0.00776766,-6.637377035,,
13.656,0.090017557,-0.007767791,-6.637392746,,
13.666,0.090065412,-0.007849086,-6.637428193,,
13.676,0.08994969,-0.007935127,-6.637474784,,
13.686,0.090007499,-0.007954506,-6.637512682,,
13.696,0.090042599,-0.008014801,-6.637548528,,
13.706,0.090038925,-0.008075474,-6.637577554,,
13.716,0.090015396,-0.008146456,-6.637603811,,
13.726,0.090063214,-0.008151498,-6.637588816,,
13.736,0.090033211,-0.008108991,-6.63756047,,
13.746,0.090002276,-0.008071425,-6.63754605,,
13.756,0.089970917,-0.008044709,-6.637547554,,
13.766,0.090011403,-0.008029176,-6.637544021,,
13.776,0.089992099,-0.007874815,-6.637535184,,
13.786,0.089976646,-0.007902212,-6.637531753,,
13.796,0.089960173,-0.007961297,-6.637540439,,
13.806,0.089986227,-0.007968552,-6.637558055,,
13.816,0.090017408,-0.007892413,-6.637561078,,
13.826,0.089994878,-0.007916119,-6.637561272,,
13.836,0.089990541,-0.008033144,-6.637560844,,
13.846,0.089997992,-0.00809715,-6.637552307,,
13.856,0.090054877,-0.008052617,-6.637538084,,
13.866,0.090041816,-0.008020319,-6.63750837,,
13.876,0.089952499,-0.008087633,-6.637488663,,
13.886,0.090010196,-0.008091516,-6.637476739,,
13.896,0.090048283,-0.008037095,-6.637463579,,
13.906,0.089990608,-0.007983766,-6.637451874,,
13.916,0.089931004,-0.008042462,-6.637453863,,
13.926,0.090069018,-0.00803211,-6.637438299,,
13.936,0.090046048,-0.007990701,-6.637421035,,
13.946,0.08992815,-0.007966284,-6.637422828,,
13.956,0.089941025,-0.00800045,-6.637436087,,
13.966,0.090083346,-0.008023785,-6.637476123,,
13.976,0.089947693,-0.007939626,-6.637493476,,
13.986,0.08985737,-0.007910023,-6.637502108,,
13.996,0.08998993,-0.007914692,-6.637517878,,
14.006,0.090096958,-0.00793389,-6.637530044,,
14.016,0.090049133,-0.007979199,-6.637526364,,
14.026,0.089938648,-0.008005745,-6.63752878,,
14.036,0.090049326,-0.008030828,-6.637535802,,
14.046,0.090049826,-0.008040148,-6.637527161,,
14.056,0.089968979,-0.008033865,-6.637523587,,
14.066,0.089952826,-0.008055548,-6.637514692,,
14.076,0.090051085,-0.008047244,-6.637503999,,
14.086,0.089984253,-0.008009774,-6.637497662,,
14.096,0.08994332,-0.008013831,-6.637487267,,
14.106,0.090003856,-0.008041158,-6.637472997,,
14.116,0.090039246,-0.008009684,-6.637475137,,
14.126,0.089978211,-0.007924458,-6.637480789,,
14.136,0.0899546,-0.007952289,-6.637494517,,
14.146,0.089981042,-0.008001463,-6.637507722,,
14.156,0.090039521,-0.008004799,-6.637507227,,
14.166,0.090053543,-0.007980962,-6.637500877,,
14.176,0.089952394,-0.007996132,-6.637513567,,
14.186,0.089960136,-0.008057338,-6.637504913,,
14.196,0.090023749,-0.00805555,-6.637485325,,
14.206,0.090048485,-0.007991442,-6.637475883,,
14.216,0.089970946,-0.007997751,-6.637461017,,
14.226,0.090015471,-0.008074136,-6.637466592,,
14.236,0.090061784,-0.008038267,-6.637460401,,
14.246,0.090010867,-0.007978166,-6.63745879,,
14.256,0.08992938,-0.007935191,-6.637472437,,
14.266,0.090000354,-0.00797631,-6.637494633,,
14.276,0.090049587,-0.008040247,-6.637488404,,
14.286,0.089927331,-0.007983237,-6.637506205,,
14.296,0.089911923,-0.007943235,-6.637530496,,
14.306,0.090031706,-0.00795071,-6.637552657,,
14.316,0.090084039,-0.007958021,-6.637568035,,
14.326,0.089911535,-0.007959742,-6.63757188,,
14.336,0.089964114,-0.007998427,-6.637572472,,
14.346,0.090063691,-0.008022123,-6.637555797,,
14.356,0.090036005,-0.008000247,-6.637533301,,
14.366,0.089959912,-0.007980634,-6.637511079,,
14.376,0.089982994,-0.008005123,-6.637519455,,
14.386,0.090054721,-0.007999582,-6.63751205,,
14.396,0.090011731,-0.008010353,-6.637504716,,
14.406,0.08996696,-0.008036335,-6.637492236,,
14.416,0.089985043,-0.00805306,-6.637488171,,
14.426,0.090023607,-0.007944769,-6.637484542,,
14.436,0.089967407,-0.007954527,-6.637491678,,
14.446,0.089949235,-0.007997422,-6.63751956,,
14.456,0.090031147,-0.007986888,-6.637548797,,
14.466,0.090070799,-0.007944028,-6.637568869,,
14.476,0.08992245,-0.007987454,-6.637566756,,
14.486,0.089950345,-0.008006128,-6.637569369,,
14.496,0.090028115,-0.007995226,-6.637566013,,
14.506,0.090060428,-0.007964579,-6.63755042,,
14.516,0.089992575,-0.007981895,-6.637539078,,
14.526,0.089984752,-0.00804982,-6.63753617,,
14.536,0.090057679,-0.008023883,-6.637527218,,
14.546,0.090015747,-0.008005007,-6.637515675,,
14.556,0.089962021,-0.008001166,-6.637497749,,
14.566,0.089952819,-0.007989797,-6.637483714,,
14.576,0.090035409,-0.008011045,-6.637469658,,
14.586,0.090003885,-0.008001884,-6.637471248,,
14.596,0.089932486,-0.007990669,-6.637474036,,
14.606,0.089967817,-0.007972294,-6.637484951,,
14.616,0.090048268,-0.00794927,-6.637492797,,
14.626,0.089950092,-0.007995349,-6.63750294,,
14.636,0.089938477,-0.008009283,-6.637516603,,
14.646,0.090016164,-0.007983101,-6.637519475,,
14.656,0.090075687,-0.008001577,-6.637524238,,
14.666,0.090057626,-0.008035468,-6.637530767,,
14.676,0.089944288,-0.007999929,-6.637536628,,
14.686,0.09001378,-0.007965075,-6.637543252,,
14.696,0.090082325,-0.007963833,-6.637552685,,
14.706,0.09000095,-0.007986501,-6.637562012,,
14.716,0.089908578,-0.008040327,-6.637564436,,
14.726,0.090028971,-0.008000342,-6.637555007,,
14.736,0.090036549,-0.007925916,-6.637542679,,
14.746,0.089926258,-0.00796035,-6.637548734,,
14.756,0.089971878,-0.008017708,-6.637553869,,
14.766,0.090027258,-0.008027974,-6.63755557,,
14.776,0.089947656,-0.007997048,-6.637563386,,
14.786,0.089913964,-0.00802881,-6.637554514,,
14.796,0.090006031,-0.008039495,-6.637535688,,
14.806,0.090076432,-0.007966807,-6.637517655,,
14.816,0.090033174,-0.007899626,-6.637516481,,
14.826,0.089928687,-0.008000449,-6.637529038,,
14.836,0.0900262,-0.008026299,-6.637542506,,
14.846,0.090111837,-0.007970725,-6.637540162,,
14.856,0.089970939,-0.007940948,-6.637530344,,
14.866,0.089896895,-0.007971237,-6.637524532,,
14.876,0.09008833,-0.008046621,-6.637516143,,
14.886,0.090059564,-0.008007297,-6.637521377,,
14.896,0.089941248,-0.008003831,-6.637540952,,
14.906,0.089918897,-0.008050144,-6.637561344,,
14.916,0.090004466,-0.008045849,-6.637580672,,
14.926,0.089979872,-0.007997475,-6.637566587,,
14.936,0.08992146,-0.0079849,-6.637557105,,
14.946,0.08996886,-0.007961147,-6.637557883,,
14.956,0.090070754,-0.00795081,-6.637568881,,
14.966,0.09003754,-0.007960864,-6.637581145,,
14.976,0.089913338,-0.007981863,-6.637606442,,
14.986,0.089978084,-0.007946056,-6.637613666,,
14.996,0.090049163,-0.007943172,-6.637605415,,
15.006,0.090028316,-0.007995372,-6.637590777,,
15.016,0.089943916,-0.008050278,-6.637572161,,
15.026,0.090042785,-0.008048071,-6.637534389,,
15.036,0.090067334,-0.008067364,-6.637489956,,
15.046,0.090013593,-0.008095964,-6.637450755,,
15.056,0.089956127,-0.008102077,-6.637412924,,
15.066,0.089982502,-0.008065863,-6.637386302,,
15.076,0.090026341,-0.007961105,-6.637347996,,
15.086,0.089966968,-0.007949131,-6.637339128,,
15.096,0.08994209,-0.007968089,-6.637350726,,
15.106,0.089995973,-0.007959146,-6.637364327,,
15.116,0.090049811,-0.007960233,-6.637359581,,
15.126,0.089887962,-0.008019623,-6.637404647,,
15.136,0.08999829,-0.007992628,-6.637446744,,
15.146,0.090078004,-0.007972535,-6.637485108,,
15.156,0.09005864,-0.007997105,-6.637522463,,
15.166,0.089929946,-0.008048008,-6.637546935,,
15.176,0.089992173,-0.007963632,-6.637572709,,
